,AMX,TLEVISA,GFNORTE,CEMEX,BIMBO
02/01/2012,16.049999,59,43.040001,5.95107,28.5
03/01/2012,15.85,58.18,43.5,6.01429,29.02
04/01/2012,15.8,58.52,43.400002,6.12494,29.370001
05/01/2012,15.5,58.5,44,6.01429,29.219999
09/01/2012,15.46,58,45.84,5.7693,28.799999
10/01/2012,15.44,58.75,46.650002,5.80881,29.049999
11/01/2012,15.52,58.630001,47.439999,6.00639,29.200001
12/01/2012,15.46,58.5,48.5,6.12494,29.34
13/01/2012,15.13,56.32,48.150002,6.06171,28.5
16/01/2012,15.28,56.860001,48.25,6.06962,28.5
17/01/2012,15.1,55.91,47.349998,6.07752,28.5
18/01/2012,15.41,57.290001,50.98,6.48848,29.049999
19/01/2012,15.64,56.939999,51.419998,6.71767,29.58
20/01/2012,15.38,56.700001,51.18,6.70187,29
23/01/2012,15.31,56.150002,52.02,6.63864,28.780001
24/01/2012,15.14,55.380001,51.59,6.62284,28.690001
25/01/2012,15.4,54.139999,52.48,6.773,28.700001
26/01/2012,15.39,52.389999,52.93,6.94686,29
27/01/2012,15.27,51.599998,52.59,6.83622,28.76
30/01/2012,15.32,51.470001,51.830002,6.89945,28.879999
31/01/2012,15.18,51.52,51.939999,6.97848,29
01/02/2012,15.28,52.810001,51.200001,7.20767,29.41
02/02/2012,15.24,50.900002,51,7.90315,29.73
03/02/2012,15.63,50.880001,51.299999,8.19556,30.51
07/02/2012,15.5,50.549999,50.810001,8.25088,29.91
08/02/2012,15.54,51.290001,51.099998,8.47217,29.49
09/02/2012,15.56,51.049999,52,8.56701,29.5
10/02/2012,15.3,50.849998,52.990002,8.51959,29.57
13/02/2012,15.11,50.630001,53.5,8.56701,29.85
14/02/2012,15,51.75,53.400002,8.34572,29.469999
15/02/2012,15,52.259998,53.52,8.32992,30
16/02/2012,15.07,53.16,53.279999,8.50378,30
17/02/2012,14.99,54.259998,53.639999,8.5433,29.799999
20/02/2012,15.2,54.299999,53.560001,8.61443,29.969999
21/02/2012,14.99,53.279999,54.599998,8.31411,28.959999
22/02/2012,14.94,53.139999,53.700001,8.16395,29.129999
23/02/2012,15.31,52.959999,54.130001,7.98218,29.450001
24/02/2012,15.3,53.66,54.07,7.46847,29.51
27/02/2012,15.05,53.700001,52.650002,7.84782,29.15
28/02/2012,15.33,53.619999,53.150002,7.7846,29.040001
29/02/2012,15.43,54.84,52,7.77669,28.799999
01/03/2012,15.47,54.299999,54.599998,7.82411,29.24
02/03/2012,15.34,54.41,56.689999,8.12443,29.700001
05/03/2012,15.3,53.970001,56.919998,8.07701,29.700001
06/03/2012,15.15,53.299999,55.150002,7.73718,28.98
07/03/2012,15.13,52.560001,55.779999,7.75299,29.25
08/03/2012,15.11,52.810001,55.779999,8.01379,29.299999
09/03/2012,14.97,52.75,57,8.0296,29.26
12/03/2012,14.77,52.5,57.599998,7.8004,29.700001
13/03/2012,15.15,53.240002,57.860001,7.96637,29.719999
14/03/2012,14.95,53.34,56.720001,7.95847,29.85
15/03/2012,15.08,53.650002,56.860001,7.87153,29.549999
16/03/2012,15.38,53.43,56.200001,7.55541,29.6
20/03/2012,15.15,53.110001,56.470001,7.84782,29.34
21/03/2012,15,53.299999,56.73,8.16395,29.4
22/03/2012,15.3,53.68,56,7.99008,29.57
23/03/2012,15.31,54.099998,56.43,8.01379,29.6
26/03/2012,15.63,54.75,57,8.06911,29.870001
27/03/2012,15.68,54.459999,56.299999,8.16174,29.1
28/03/2012,15.73,54.52,56.650002,8.0631,29.6
29/03/2012,15.8,53.700001,57.040001,8.16996,29.809999
30/03/2012,15.93,54.130001,56.869999,8.13708,29.860001
02/04/2012,15.83,55.360001,56.889999,8.1453,30.719999
03/04/2012,15.82,54.639999,57.599998,7.99735,30.6
04/04/2012,15.55,54.119999,56.84,7.82475,29.85
09/04/2012,15.55,54.459999,57,7.68502,30.459999
10/04/2012,15.4,53.759998,57.400002,7.38912,29.799999
11/04/2012,15.44,53.799999,58,7.45488,30.48
12/04/2012,15.79,54.099998,58.919998,7.59461,30.4
13/04/2012,15.79,52.900002,62.240002,7.38091,30.540001
16/04/2012,15.73,53.959999,64.5,7.23296,30.6
17/04/2012,15.9,53.799999,63.200001,7.47132,30.559999
18/04/2012,15.9,53.900002,60.73,7.39734,31
19/04/2012,15.9,53.709999,60.73,7.26584,31.5
20/04/2012,15.98,53.400002,60.490002,7.32337,31.57
23/04/2012,16.469999,53.650002,60.400002,7.2494,31.99
24/04/2012,16.65,53.599998,60.720001,7.35625,32.25
25/04/2012,16.57,53.380001,61.990002,7.77543,32.040001
26/04/2012,16.610001,54.080002,64.019997,7.75899,31.77
27/04/2012,16.98,56.360001,64,7.70146,30.65
30/04/2012,17.389999,57.07,62.82,7.74255,31.08
02/05/2012,17.58,57.18,62.110001,7.51241,30.91
03/05/2012,17.85,56.43,62.110001,7.33159,30.51
04/05/2012,17.809999,56.259998,61.75,7.2494,30.690001
07/05/2012,18.66,56.200001,63,7.47954,31.5
08/05/2012,17.129999,57.34,61.900002,7.4631,32.110001
09/05/2012,17.17,57.5,63,7.39734,31.639999
10/05/2012,17.110001,56.700001,64,7.48776,31.15
11/05/2012,17.129999,55.490002,62,7.27405,30.6
14/05/2012,16.9,55.639999,60.700001,6.84665,30.4
15/05/2012,16.969999,55,58.369999,6.49322,30
16/05/2012,16.780001,54.419998,59.91,6.26308,29.9
17/05/2012,16.790001,54.09,61.32,6.25487,29.75
18/05/2012,16.41,54.349998,59.849998,5.87678,28.969999
21/05/2012,16.469999,55.650002,60.389999,6.29596,29.1
22/05/2012,16.700001,55.41,60.630001,6.32062,29.07
23/05/2012,16.719999,55.75,59.93,6.33706,29.049999
24/05/2012,16.85,55.790001,59.400002,6.2713,29.5
25/05/2012,16.790001,55.380001,59.77,6.3124,29.700001
28/05/2012,16.83,55.259998,59.5,6.39459,29.15
29/05/2012,16.93,55.200001,62.220001,6.69049,30
30/05/2012,16.98,54.549999,63.349998,6.41925,29.959999
31/05/2012,16.799999,54.560001,64.110001,6.61651,31.459999
01/06/2012,16.219999,53.549999,62.099998,6.03294,30.110001
04/06/2012,16.459999,53.900002,59.240002,5.96719,30.1
05/06/2012,16.41,54.220001,60.380001,6.00007,29.9
06/06/2012,16.5,54.439999,61.5,6.23021,29.33
07/06/2012,16.49,54.5,62.279999,6.16445,29.450001
08/06/2012,16.459999,54.599998,62,6.20555,29.950001
11/06/2012,16.51,53.209999,61.5,6.03294,29.6
12/06/2012,16.93,54.34,63,6.10692,29.959999
13/06/2012,16.93,55,61.09,5.86856,29.969999
14/06/2012,16.780001,56.189999,61,6.06582,30.5
15/06/2012,16.76,56.32,61.5,6.2713,30.93
18/06/2012,17.18,55.450001,62.709999,6.30418,30.959999
19/06/2012,17.469999,54.740002,64.800003,6.55076,31.030001
20/06/2012,17.5,55.990002,67.040001,6.5672,30.91
21/06/2012,17.42,56,64.699997,6.3535,30.799999
22/06/2012,17.450001,56.950001,66.970001,6.49322,31
25/06/2012,17.33,55.799999,68.25,7.00282,30.200001
26/06/2012,17.200001,56.400002,68.489998,7.04392,30.85
27/06/2012,17.26,58.150002,68.160004,7.0357,31.57
28/06/2012,17.23,57.73,66.190002,7.20008,32.049999
29/06/2012,17.440001,57.450001,68.940002,7.38091,32.790001
03/07/2012,17.530001,58.150002,68.300003,7.35625,33.450001
04/07/2012,17.57,58.09,68.010002,7.23296,32.849998
05/07/2012,17.299999,58.099998,67.099998,7.19186,31.85
06/07/2012,17.200001,57.529999,65.779999,7.21652,31.610001
09/07/2012,17.540001,56.560001,65.599998,6.96994,32.299999
10/07/2012,17.309999,57.09,67.669998,7.06857,32.380001
11/07/2012,17.51,57.709999,67.849998,7.14255,32.200001
12/07/2012,17.5,58.029999,68.110001,7.18364,31.799999
13/07/2012,17.73,58.23,69.459999,7.38912,32
16/07/2012,17.809999,58.799999,72.970001,7.34803,32.57
17/07/2012,18.129999,59.849998,74.690002,7.34803,32.400002
18/07/2012,17.940001,59.560001,72.919998,7.10967,31.99
19/07/2012,17.83,60.040001,71.199997,7.34803,31.459999
20/07/2012,17.91,59.900002,72.989998,7.78365,31.33
23/07/2012,18.07,60.169998,74.25,7.57817,31.5
24/07/2012,17.879999,59.950001,74,7.55351,31.25
25/07/2012,17.68,59.900002,73.25,7.48776,31.25
26/07/2012,18.02,61.16,72.800003,7.79187,31.4
27/07/2012,18,61.650002,72,8.09598,32.330002
30/07/2012,17.84,60.950001,73.370003,7.85762,32.669998
31/07/2012,17.780001,60.669998,71.209999,7.62748,33.119999
01/08/2012,17.65,61.060001,69.599998,7.65214,32.970001
02/08/2012,17.59,60.700001,69.099998,7.75077,32.57
03/08/2012,17.459999,60.639999,71.940002,7.80831,32.509998
06/08/2012,17.370001,61.48,71.160004,7.98091,32.5
07/08/2012,17.35,61.73,71.300003,7.83297,32.5
08/08/2012,17.27,62.049999,71.290001,7.83297,32.110001
09/08/2012,17.09,61.689999,70.18,7.81653,31.77
10/08/2012,17.139999,62.09,69.43,8.05489,31.219999
13/08/2012,16.82,62.080002,68.169998,7.98091,30.75
14/08/2012,17.08,61.57,69.809998,8.04667,30.790001
15/08/2012,17.379999,61.560001,69.970001,8.16996,31.77
16/08/2012,17.360001,61.779999,68.870003,8.359,31.209999
17/08/2012,17.219999,61.580002,68.559998,8.46585,30.809999
20/08/2012,17.17,61.07,68.260002,8.29324,30.799999
21/08/2012,16.92,60.990002,66.489998,8.43297,30.309999
22/08/2012,16.620001,61.02,67.5,8.7864,30.780001
23/08/2012,16.530001,60.73,67.099998,8.58092,30.450001
24/08/2012,16.84,61.07,68.449997,8.7453,30.719999
27/08/2012,16.790001,61.169998,68.779999,8.5727,30.42
28/08/2012,16.92,61.080002,68.809998,8.52338,30.540001
29/08/2012,16.870001,61.529999,68.550003,8.44119,30.26
30/08/2012,16.84,61.450001,68.18,8.32612,29.99
31/08/2012,16.940001,60.740002,67.269997,8.01379,28.700001
03/09/2012,17.02,61.169998,68.800003,8.1453,29.49
04/09/2012,16.809999,60.790001,67.57,8.11242,29.309999
05/09/2012,16.790001,60.740002,68.129997,8.21927,29.23
06/09/2012,16.889999,61.060001,67.910004,8.50695,30.049999
07/09/2012,16.809999,60.619999,68.910004,8.60558,30.43
10/09/2012,16.5,60.950001,69.199997,8.49051,30.6
11/09/2012,16.48,60.880001,70.150002,8.59736,30.33
12/09/2012,16.49,61.669998,71.489998,8.86037,30.620001
14/09/2012,16.43,61.68,71.879997,8.71243,30.92
17/09/2012,16.23,61.560001,70.400002,8.81928,30.790001
18/09/2012,16.440001,61.310001,69.699997,8.81106,31
19/09/2012,16.5,62.950001,70.269997,9.0412,31.16
20/09/2012,16.17,61.450001,69.959999,9.00832,31.190001
21/09/2012,16.309999,59.459999,69.360001,8.96722,31.059999
24/09/2012,16.459999,60.73,70.779999,8.86859,31.030001
25/09/2012,16.23,59.779999,72.029999,8.70421,31.07
26/09/2012,16.440001,59.939999,70.910004,8.41653,31.33
27/09/2012,16.59,60,71.32,8.72065,31.700001
28/09/2012,16.440001,60.77,72.760002,8.80284,32.040001
01/10/2012,16.48,61.02,75.510002,8.93435,31.889999
02/10/2012,16.549999,60.779999,75.970001,9.02476,31.889999
03/10/2012,16.41,60.040001,75.879997,8.99188,31.709999
04/10/2012,16.530001,60.220001,77.57,9.39463,31.440001
05/10/2012,16.889999,61.029999,77.580002,9.56723,31.940001
08/10/2012,16.76,62.200001,77.139999,9.43572,31.780001
09/10/2012,16.73,62.02,75.510002,9.27134,31.889999
10/10/2012,16.68,60.790001,75.610001,9.18093,31.540001
11/10/2012,16.709999,61.68,76.349998,9.40285,31.309999
12/10/2012,16.629999,61.59,77.029999,9.33709,31.43
15/10/2012,16.809999,60.830002,76.910004,9.30421,31.48
16/10/2012,16.879999,60.619999,76.779999,9.71518,32.23
17/10/2012,16.809999,60.540001,76.629997,9.64942,32.970001
18/10/2012,17.01,60.669998,75.75,9.71518,32.82
19/10/2012,16.950001,60.709999,73.690002,9.51792,32.599998
22/10/2012,16.85,60.389999,72.879997,9.59189,32.459999
23/10/2012,16.860001,60.52,71.900002,9.6412,32.59
24/10/2012,16.940001,60.610001,72.980003,9.83025,32.27
25/10/2012,16.6,59.02,73.190002,9.83847,32.580002
26/10/2012,16.700001,59.029999,72.330002,9.69052,32.279999
29/10/2012,16.65,59.700001,71.540001,9.7234,32.02
30/10/2012,16.59,59.610001,71.480003,9.69052,31.24
31/10/2012,16.629999,59.52,72.75,9.75627,30.5
05/11/2012,16.610001,59,71.959999,9.73984,30.870001
06/11/2012,16.469999,60.18,72.550003,9.69874,30.76
07/11/2012,16.049999,59.419998,71.540001,9.63299,30.299999
08/11/2012,15.84,59.740002,71.550003,9.55901,30.700001
09/11/2012,15.73,59.869999,70.82,9.41107,30.370001
12/11/2012,15.68,59.619999,71.120003,9.39463,30.34
13/11/2012,15.59,59.669998,72.129997,9.50148,30.49
14/11/2012,15.46,59.189999,71.169998,9.27134,30.9
15/11/2012,15.4,59.52,71.129997,9.31243,30.629999
16/11/2012,15.38,59.650002,72.059998,9.28778,31.200001
20/11/2012,15.32,59.810001,72.459999,9.69052,31.309999
21/11/2012,15.48,60.32,72.989998,9.71518,31.440001
22/11/2012,15.75,60.509998,73.970001,9.75627,31.48
23/11/2012,15.68,60.779999,74.209999,9.70696,31.25
26/11/2012,15.51,60.919998,74.010002,9.69874,30.83
27/11/2012,15.39,60.82,74.110001,9.62477,30.43
28/11/2012,15.36,61.119999,74.900002,9.69874,30.110001
29/11/2012,15.46,61.990002,75.300003,9.6412,30.469999
30/11/2012,15.28,61.25,74.120003,9.4686,30.5
03/12/2012,15.24,61.349998,76.629997,9.59189,30.99
04/12/2012,15.12,60.360001,78.849998,9.54257,30.9
05/12/2012,14.81,62.490002,78.93,9.52614,30.67
06/12/2012,14.84,63.900002,78.279999,9.58367,31.360001
07/12/2012,14.82,64.57,79.029999,9.57545,31.24
10/12/2012,15.09,64.190002,81.730003,9.51792,31.469999
11/12/2012,15.23,64.75,83.07,9.51792,31.92
13/12/2012,15.32,65.32,81.230003,9.55901,31.959999
14/12/2012,15.17,64.93,81.5,9.6412,31.9
17/12/2012,15.06,65.290001,81.82,10.0933,32.41
18/12/2012,15.07,66.589996,83.889999,10.2083,32.990002
19/12/2012,14.95,67.860001,84.5,10.5042,32.93
20/12/2012,14.83,68.32,81.980003,10.4713,33.080002
21/12/2012,15.02,68.629997,81.57,10.4303,32.59
24/12/2012,14.85,68.050003,82.529999,10.4138,32.970001
26/12/2012,14.9,67.959999,81.919998,10.3892,33.23
27/12/2012,14.86,68.260002,82.25,10.3974,32.970001
28/12/2012,15,68.050003,83.919998,10.4056,32.77
31/12/2012,14.9,68.25,83.449997,10.4385,33.470001
02/01/2013,14.91,70.110001,86.739998,10.907,33.810001
03/01/2013,15.06,70.709999,85.339996,10.8166,33.77
04/01/2013,15.48,70.709999,83.809998,10.8659,34.110001
07/01/2013,15.56,70.300003,85.010002,10.9481,33.830002
08/01/2013,15.58,70.339996,85.690002,10.9398,33.68
09/01/2013,15.52,70.809998,86.949997,11.0467,33.32
10/01/2013,15.57,69.910004,86.360001,10.981,32.369999
11/01/2013,15.54,70.120003,85.050003,10.9398,32.580002
14/01/2013,15.57,70.239998,86.610001,10.7837,32.41
15/01/2013,15.64,69.129997,87.18,10.6768,32.91
16/01/2013,15.64,69.269997,88.440002,10.7919,32.889999
17/01/2013,15.51,69.989998,89.529999,10.6851,32.849998
18/01/2013,15.56,70.849998,89.400002,10.8083,32.91
21/01/2013,15.57,70.989998,90.970001,10.907,32.810001
22/01/2013,15.75,71.519997,90.269997,10.8166,33.139999
23/01/2013,15.79,71.739998,90,11.0385,33.299999
24/01/2013,15.82,71.190002,89.110001,11.2275,33.349998
25/01/2013,15.95,71.790001,89.769997,11.1946,33.360001
28/01/2013,15.95,72.480003,92.589996,11.2768,33.41
29/01/2013,15.97,72.260002,89.269997,11.6714,33.48
30/01/2013,15.97,72.459999,87.949997,11.4166,33.290001
31/01/2013,15.97,71.239998,87.669998,11.4001,32.880001
01/02/2013,16.190001,73.449997,87.699997,11.3919,32.98
05/02/2013,15.87,73,87.110001,11.2111,32.959999
06/02/2013,15.86,72.169998,86.440002,11.3508,32.860001
07/02/2013,15.85,71.169998,85.419998,10.8823,32.380001
08/02/2013,15.99,70.970001,87.599998,10.9152,31.719999
11/02/2013,15.96,71.480003,88.050003,10.7837,32.57
12/02/2013,15.83,70.739998,88.089996,10.9892,32.380001
13/02/2013,14.17,70.360001,87.830002,11.1946,32.720001
14/02/2013,13.99,70.029999,86.139999,11.4823,32.889999
15/02/2013,14.27,70.459999,86.940002,11.4248,32.959999
18/02/2013,14.3,70.07,88.489998,11.3426,32.91
19/02/2013,14.46,71.120003,90,11.3919,32.700001
20/02/2013,14.13,72.07,89.379997,11.022,32.919998
21/02/2013,14.13,71.779999,88.599998,10.8001,32.98
22/02/2013,13.95,69.75,89.959999,10.8494,33.400002
25/02/2013,13.63,67.769997,89.43,10.6933,33.299999
26/02/2013,13.61,67.449997,88.730003,10.8001,32.990002
27/02/2013,13.39,67.720001,90.93,11.1946,33.810001
28/02/2013,13.37,68.589996,94.839996,11.2768,34.669998
01/03/2013,13.32,70.269997,92.739998,11.5234,34.650002
04/03/2013,13.26,70.300003,93.980003,11.5809,34.529999
05/03/2013,13.27,70.260002,95.510002,11.8111,35.040001
06/03/2013,13.39,67.68,94.800003,12.0001,35.389999
07/03/2013,13.31,68.169998,92.730003,12.1727,35.27
08/03/2013,13.6,68.279999,90.160004,12.4193,35.5
11/03/2013,13.15,67.699997,91.529999,12.2796,35.299999
12/03/2013,12.83,67.559998,93.529999,12.3618,36.18
13/03/2013,11.83,66.07,95.510002,12.2467,36.099998
14/03/2013,12.12,65.900002,98.93,12.3371,35.610001
15/03/2013,11.6,65.07,98.669998,12.6988,34.490002
19/03/2013,11.78,64.169998,95.669998,12.3042,34.27
20/03/2013,11.83,64.910004,95.900002,12.518,35.299999
21/03/2013,12.35,63.990002,95.489998,12.444,35.209999
22/03/2013,12.58,64.419998,95.230003,12.4193,36.599998
25/03/2013,12.85,64.510002,95.910004,12.3454,38.009998
26/03/2013,13.1,64.919998,98.849998,12.4358,38.59
27/03/2013,13.09,65.550003,98.68,12.3536,39.490002
01/04/2013,12.95,65.43,97.019997,12.4604,39.220001
02/04/2013,12.75,67.349998,96.349998,12.3864,39.16
03/04/2013,12.52,66.269997,94.379997,11.9426,39.310001
04/04/2013,12.47,66.360001,95.43,11.8275,38.93
05/04/2013,12.34,66.110001,91.400002,12.444,38.889999
08/04/2013,12.56,65.919998,92.239998,12.6412,39.77
09/04/2013,12.79,66.269997,94.029999,12.5344,40.18
10/04/2013,12.85,67.650002,96.339996,12.3864,40.529999
11/04/2013,12.86,67.639999,96.739998,12.3536,40.48
12/04/2013,12.72,66.410004,96.440002,12.181,38.919998
15/04/2013,12.47,64.739998,94.330002,11.6303,38.549999
16/04/2013,12.6,63.880001,95.32,11.7782,39.669998
17/04/2013,12.24,61.98,94.07,11.5809,40.310001
18/04/2013,12.49,62.23,92.059998,11.2357,40.099998
19/04/2013,12.44,62.459999,95.290001,11.4741,40.59
22/04/2013,12.75,63.360001,95.970001,11.4166,41.889999
23/04/2013,12.88,63.799999,96.25,11.7194,41.43
24/04/2013,12.96,62.959999,92.889999,11.7279,40.709999
25/04/2013,12.84,63.650002,92.199997,11.7878,41.630001
26/04/2013,12.59,61.740002,90.5,12.0185,40.16
29/04/2013,12.66,61.73,89.93,11.7023,41
30/04/2013,13.07,61.650002,91.559998,11.7023,39.509998
02/05/2013,12.95,61.240002,90.870003,11.839,39.349998
03/05/2013,13.25,61.43,90.529999,12.3092,39.189999
06/05/2013,13.14,61.509998,89.82,12.3861,38.299999
07/05/2013,13.06,62.27,93.879997,12.369,39.439999
08/05/2013,13.05,63.990002,91.470001,12.1382,38.849998
09/05/2013,12.79,63.709999,91.050003,11.9331,38.860001
10/05/2013,12.78,64.449997,89.989998,12.4032,38.16
13/05/2013,12.85,64.449997,89.870003,12.3348,37.490002
14/05/2013,12.7,64.709999,92.980003,12.5656,38.400002
15/05/2013,12.79,65.360001,90.690002,12.9417,38.040001
16/05/2013,12.79,65.480003,89.959999,12.9417,37.580002
17/05/2013,12.75,66.370003,91.510002,13.0101,37.549999
20/05/2013,12.72,66.5,90.370003,12.7195,36.279999
21/05/2013,12.57,64.75,88.709999,12.4716,37.209999
22/05/2013,12.58,63.849998,84.769997,12.1981,36.689999
23/05/2013,12.54,65.150002,83.559998,12.1639,36.990002
24/05/2013,12.54,64.720001,86.879997,12.2664,36.240002
27/05/2013,12.38,63.700001,83.82,12.1382,36.009998
28/05/2013,12.75,64.900002,84.449997,12.2237,37.619999
29/05/2013,12.58,66.010002,82.199997,12.2835,36.91
30/05/2013,12.78,66.559998,80.300003,12.6426,37.48
31/05/2013,12.85,66.860001,81.75,12.7622,37.830002
03/06/2013,12.56,66.300003,85.019997,12.2237,37.599998
04/06/2013,12.55,65.190002,85.5,11.916,37.689999
05/06/2013,12.56,62.360001,85.440002,11.7108,37.029999
06/06/2013,12.82,61.93,85.360001,11.8732,37.130001
07/06/2013,12.87,61.459999,82.32,11.9502,36.880001
10/06/2013,13.01,61.169998,84.870003,12.0869,38.220001
11/06/2013,12.82,61.279999,81.550003,11.5313,37.509998
12/06/2013,12.86,60.32,78.07,11.3176,37.220001
13/06/2013,12.73,60.18,77.330002,11.4886,37.32
14/06/2013,12.77,60.23,75.459999,11.386,36.48
17/06/2013,12.85,61.060001,77.940002,11.3005,36.509998
18/06/2013,12.97,61.189999,75.75,11.5997,35.900002
19/06/2013,12.87,61.91,73.849998,11.8219,35.02
20/06/2013,12.52,60.310001,70.18,11.386,34.119999
21/06/2013,12.6,59.779999,72.199997,11.2321,35.57
24/06/2013,12.61,59.139999,71.18,10.9415,34.639999
25/06/2013,12.84,59.830002,73.589996,11.3176,34.68
26/06/2013,13.22,62.779999,73.410004,11.7108,35.82
27/06/2013,13.68,62.849998,76.099998,11.7963,37.459999
28/06/2013,14.13,64.75,76.720001,11.7621,39.25
01/07/2013,14.27,64.050003,77.860001,11.8903,40.34
02/07/2013,14.13,63.790001,75.860001,11.5484,39.27
03/07/2013,13.9,62.880001,74.860001,11.5569,40.349998
04/07/2013,13.98,64.300003,76.370003,11.7023,41.049999
05/07/2013,13.79,64.089996,74.419998,11.6339,39.439999
08/07/2013,13.52,62.240002,74.010002,11.4886,39.889999
09/07/2013,13.65,65.68,74.900002,11.5997,39.900002
10/07/2013,13.67,63.880001,73.019997,11.6253,38.630001
11/07/2013,13.68,65.099998,73.230003,12.1553,39.5
12/07/2013,13.74,65.239998,72.660004,12.3947,40.490002
15/07/2013,13.67,64.57,72.339996,12.2151,41.5
16/07/2013,13.23,63.459999,72.209999,11.9416,39.830002
17/07/2013,13.14,64.389999,79.730003,12.0527,41.630001
18/07/2013,13.31,64.610001,79.879997,12.1553,41.43
19/07/2013,13.07,63.700001,82.389999,12.1895,40.779999
22/07/2013,13.25,63.950001,82.949997,12.3092,39.98
23/07/2013,13.37,64.949997,82.620003,12.2579,41.310001
24/07/2013,13.27,65.82,81.370003,12.2835,42.549999
25/07/2013,13.21,66.379997,82.120003,12.463,42.75
26/07/2013,13.79,66.720001,81.489998,12.634,43.740002
29/07/2013,13.34,66.900002,80.489998,12.4289,42.860001
30/07/2013,13.22,67.589996,80.379997,12.3947,42.990002
31/07/2013,13.44,69.07,81.150002,12.5827,43.200001
01/08/2013,13.61,69.720001,83.419998,13.0272,45.43
02/08/2013,13.34,70.379997,84.540001,12.9332,45.619999
05/08/2013,13.51,69.510002,83.709999,13.0529,45.43
06/08/2013,13.58,69.82,84.339996,13.0614,44.740002
07/08/2013,13.87,69.889999,85.110001,12.9161,45.130001
08/08/2013,14.09,70.470001,87.279999,13.2238,45.490002
09/08/2013,13.3,72.580002,89.669998,13.1383,45.799999
12/08/2013,13.19,72.629997,85.910004,13.164,44.610001
13/08/2013,13.21,71.459999,85.82,13.4974,44.310001
14/08/2013,13.21,70.889999,84.25,13.5657,44.290001
15/08/2013,13.27,70.540001,83.790001,13.2751,43.450001
16/08/2013,13.28,71.019997,83.709999,13.3179,42.709999
19/08/2013,12.91,70.489998,84.339996,13.5145,41.029999
20/08/2013,13.28,71.489998,84.110001,13.5828,40.939999
21/08/2013,13.26,71,84.160004,13.5401,39.75
22/08/2013,13.18,69.989998,82.800003,13.5999,40.02
23/08/2013,13.04,69.779999,82.540001,13.4888,40.009998
26/08/2013,13.01,70.75,82.779999,13.164,38.630001
27/08/2013,12.95,68.089996,81.519997,12.7708,37.349998
28/08/2013,12.83,67.669998,82.440002,12.728,37.110001
29/08/2013,12.81,68.709999,81.849998,12.7622,37.099998
30/08/2013,12.86,67.040001,83.489998,12.9674,38.849998
02/09/2013,12.95,68.330002,83.5,13.2153,39.02
03/09/2013,12.91,67.879997,80.970001,12.8819,38.5
04/09/2013,12.94,67.889999,80.309998,12.7195,39.889999
05/09/2013,12.97,68.769997,80.169998,12.7195,39.110001
06/09/2013,12.74,71.410004,80.910004,12.8477,38.59
09/09/2013,13,72.330002,84.050003,12.8819,41.560001
10/09/2013,13.23,72.779999,86.900002,13.1298,42.919998
11/09/2013,13.29,72.57,84.82,13.1469,42.990002
12/09/2013,13.11,71.089996,81.559998,12.899,41.77
13/09/2013,13.22,72.550003,82.940002,12.9759,41.889999
17/09/2013,13.36,73.419998,83.489998,12.7537,41.900002
18/09/2013,13.39,74.07,86.650002,12.9588,42.709999
19/09/2013,13.02,73.129997,86.639999,13.1383,42.330002
20/09/2013,12.87,73.980003,85.230003,13.0101,40.650002
23/09/2013,13.13,73.730003,84.699997,12.8734,41.529999
24/09/2013,13.18,72.849998,84.089996,12.6169,40.57
25/09/2013,13.35,73.510002,85.410004,12.728,42.049999
26/09/2013,13.27,73.239998,83.620003,12.6426,41.139999
27/09/2013,13.2,73.470001,81.790001,12.7195,41.060001
30/09/2013,13,73.169998,81.730003,12.5314,40.689999
01/10/2013,13.43,74.839996,84.400002,12.8904,41.759998
02/10/2013,13.4,74.82,85.050003,12.8306,42.220001
03/10/2013,13.33,73.940002,84.769997,12.7195,42.07
04/10/2013,13.37,74.349998,84.650002,12.7537,41.790001
07/10/2013,13.2,73.650002,83.190002,12.4887,41.029999
08/10/2013,12.93,73.239998,81.879997,12.1724,40.59
09/10/2013,13.07,72.400002,81.330002,12.104,39.759998
10/10/2013,13.35,72.989998,81.57,12.2323,40.59
11/10/2013,13.7,76.980003,81.919998,12.0271,42.380001
14/10/2013,13.78,76.260002,82.199997,12.01,42.669998
15/10/2013,13.59,75.330002,81.559998,11.8048,41.48
16/10/2013,14.02,74.550003,82.220001,11.7194,41.529999
17/10/2013,13.85,75.290001,82.550003,11.6168,40.610001
18/10/2013,13.81,77.410004,82.730003,11.8561,41
21/10/2013,13.94,78.010002,82.839996,11.745,40.91
22/10/2013,13.87,78.400002,82.839996,11.8903,41.919998
23/10/2013,13.73,78.169998,82.370003,11.7194,41.470001
24/10/2013,13.58,78.75,82.309998,12.181,42.860001
25/10/2013,13.66,77.900002,82.75,12.3348,43.139999
28/10/2013,13.87,77.910004,84.629997,12.1981,44
29/10/2013,13.99,78.760002,84.940002,12.1297,44.139999
30/10/2013,13.98,79.349998,83.110001,11.7536,43.57
31/10/2013,14,79.389999,83.279999,11.8476,43.830002
01/11/2013,14.09,79.730003,82.989998,11.7536,43.419998
04/11/2013,14.15,79.739998,82.580002,11.8903,43.32
05/11/2013,13.97,79.800003,81.190002,11.5399,42.52
06/11/2013,14.07,78.349998,81.830002,11.4971,43.169998
07/11/2013,13.96,78.160004,81.150002,11.4458,42.57
08/11/2013,13.8,75.760002,81.239998,11.6937,41.529999
11/11/2013,13.83,77.900002,80.32,11.7536,40.599998
12/11/2013,13.78,77.279999,79.290001,11.6168,40.93
13/11/2013,13.77,77,81.459999,11.7792,41.939999
14/11/2013,13.97,76.900002,82.209999,11.9844,42.43
15/11/2013,14.3,78.120003,84.650002,12.0698,42.509998
19/11/2013,14.39,76.5,82.949997,11.8903,41.709999
20/11/2013,14.67,76.25,84.330002,11.9074,40.57
21/11/2013,14.89,76.989998,84.989998,12.0869,40.759998
22/11/2013,15.09,76.370003,85,11.839,40.75
25/11/2013,14.8,76.889999,85.160004,11.9416,40.68
26/11/2013,14.69,78.099998,87.75,12.1724,41.400002
27/11/2013,15.18,79.059998,89.57,12.2323,40.400002
28/11/2013,15.2,79.089996,89.43,12.2835,40.830002
29/11/2013,15.21,80.07,89.620003,12.3519,40.799999
02/12/2013,15.06,79.169998,89.330002,12.3605,41.060001
03/12/2013,15.01,77.040001,89.660004,12.1895,40.240002
04/12/2013,14.8,75.669998,90.449997,12.4459,40.610001
05/12/2013,14.55,74.080002,91.089996,12.3263,40.560001
06/12/2013,14.4,73.910004,91.940002,12.728,40.939999
09/12/2013,14.57,75.18,92.809998,12.7451,41.060001
10/12/2013,14.55,76.540001,93.760002,12.8135,40.48
11/12/2013,14.57,77.129997,93.300003,12.7451,39.669998
13/12/2013,14.39,76.5,94.43,12.6426,38.560001
16/12/2013,14.57,75.43,96.18,12.5827,38.119999
17/12/2013,14.33,75.059998,93.830002,12.5998,38
18/12/2013,14.64,75.360001,92.230003,12.9503,38.5
19/12/2013,14.66,76.75,91.349998,12.7879,38.669998
20/12/2013,14.68,76.620003,90.529999,12.9674,38.549999
23/12/2013,14.98,77.540001,90.730003,12.9588,38.689999
26/12/2013,15.05,78.080002,89.790001,13.0358,39.209999
27/12/2013,15.27,78.220001,89.989998,13.1212,39.610001
30/12/2013,15.35,78.529999,90.730003,13.1041,40.419998
02/01/2014,14.89,78.279999,91.379997,12.9161,38.959999
03/01/2014,14.9,78.199997,92.25,12.9075,38.59
06/01/2014,14.78,77.620003,90.610001,12.9674,38.630001
07/01/2014,14.68,78.959999,90.940002,12.9674,38.189999
08/01/2014,14.45,79.300003,90.089996,13.1469,37.049999
09/01/2014,14.31,79.550003,90.940002,13.5828,36.259998
10/01/2014,14.38,82.440002,93.370003,13.9248,36.68
13/01/2014,14.28,82.010002,94.300003,13.523,36.66
14/01/2014,14.45,82.529999,94.059998,13.959,36.849998
15/01/2014,14.7,83.169998,91.93,14.2923,36.93
16/01/2014,14.57,81.879997,91.169998,14.0701,36.959999
17/01/2014,14.44,80.029999,90.199997,14.0872,36.16
20/01/2014,14.42,79.989998,91.029999,14.1812,36.259998
21/01/2014,14.4,78.449997,89.620003,14.5317,35.209999
22/01/2014,14.62,78.470001,90.099998,14.6855,34.790001
23/01/2014,14.48,76.110001,90.230003,14.4718,34.77
24/01/2014,14.25,77.059998,89.010002,14.241,34.57
27/01/2014,14.24,76.839996,88.019997,14.1897,35.279999
28/01/2014,14.14,75.589996,87.440002,14.3009,34.310001
29/01/2014,14.12,75.559998,88.279999,14.2581,34.119999
30/01/2014,14.36,76.510002,87.279999,14.2325,35.450001
31/01/2014,14.28,77.82,84.419998,14.1299,35.529999
04/02/2014,14.09,75.43,81.230003,14.0701,34.529999
05/02/2014,13.77,75.150002,83.110001,14.3265,34.619999
06/02/2014,14.01,76.839996,83.790001,14.6172,35.299999
07/02/2014,14.19,78.339996,85.779999,14.6086,35.400002
10/02/2014,13.97,78.110001,84.940002,14.3863,34.279999
11/02/2014,14.32,78.150002,87.120003,14.583,35.169998
12/02/2014,14.14,78.449997,86.660004,14.6855,35.5
13/02/2014,13.99,76.410004,85.43,14.6257,35.040001
14/02/2014,14.09,77.129997,86.779999,14.7796,35.75
17/02/2014,14.08,76.75,86.190002,14.7796,35.77
18/02/2014,13.81,75.669998,86.879997,15.0104,34.990002
19/02/2014,13.63,74.239998,87.330002,15.1728,34.34
20/02/2014,13.35,74.610001,87.239998,15.2326,33.73
21/02/2014,13.34,76.309998,87.239998,15.0275,35.009998
24/02/2014,13.16,77.599998,87.699997,15.0445,35.700001
25/02/2014,13.07,75.910004,85.220001,14.6513,34.700001
26/02/2014,12.98,75.800003,82.57,14.9163,34.209999
27/02/2014,13.13,76.139999,84.150002,14.9591,34.310001
28/02/2014,12.84,77.900002,86.029999,14.8223,34.75
03/03/2014,12.95,78.629997,85.220001,14.4291,34.459999
04/03/2014,12.75,82.940002,86.970001,14.7454,35.93
05/03/2014,12.7,83.07,85.400002,14.6599,35.68
06/03/2014,12.74,83.739998,83.800003,14.6513,35.860001
07/03/2014,12.94,81.790001,83.580002,14.6086,34.799999
10/03/2014,12.99,82.82,81.220001,14.4206,34.709999
11/03/2014,13.2,82.82,81.709999,14.318,34.360001
12/03/2014,13.41,82.699997,81.910004,14.2154,34.330002
13/03/2014,13.09,82.559998,81.449997,14.0444,32.82
14/03/2014,13.12,81.690002,80.580002,13.6341,32.529999
18/03/2014,13.18,83.400002,83.099998,14.0615,33.459999
19/03/2014,13.11,83.540001,81.580002,14.0017,34.189999
20/03/2014,13.32,84.489998,81.910004,14.2496,34.860001
21/03/2014,13.39,83.540001,84.260002,14.6428,35.709999
24/03/2014,13.63,82.150002,82.870003,14.4718,35.09
25/03/2014,13.09,83.029999,83.239998,14.6086,34.990002
26/03/2014,12.9,85.519997,84.290001,14.3863,34.75
27/03/2014,12.7,85.459999,84.779999,14.3265,34.610001
28/03/2014,12.65,85.980003,85.980003,14.0957,35.330002
31/03/2014,12.94,87.07,87.830002,14.1043,35.240002
01/04/2014,13.28,88.080002,85.669998,14.1556,35.369999
02/04/2014,13.44,90.220001,86.489998,14.6086,35.459999
03/04/2014,13.52,89.449997,84.830002,14.5744,35.419998
04/04/2014,13.51,88.300003,84.75,15.0702,35.34
07/04/2014,13.51,86.230003,85.620003,14.7197,35.830002
08/04/2014,13.36,86.449997,85.800003,14.7796,36.23
09/04/2014,13.36,87.410004,84.540001,14.7454,36.34
10/04/2014,13.08,85.510002,83.519997,14.5231,35.470001
11/04/2014,13.05,84.980003,83.699997,14.3522,35.98
14/04/2014,13.15,84.650002,85.150002,14.3009,35.950001
15/04/2014,13.06,85.370003,85.010002,14.241,35.509998
16/04/2014,12.89,86.25,86.029999,14.5659,35.970001
21/04/2014,12.7,86.080002,85.980003,14.5317,35.720001
22/04/2014,12.84,85.050003,86.129997,14.4373,36.369999
23/04/2014,12.9,85.150002,85.309998,14.5795,37.32
24/04/2014,12.95,85.550003,84.629997,14.4551,38.099998
25/04/2014,13.02,84.389999,83.760002,14.4995,37.189999
28/04/2014,13,84.32,84.480003,14.2417,37.080002
29/04/2014,13.21,85.550003,86.849998,14.5707,37.889999
30/04/2014,13.16,85.82,86.730003,14.8729,36.139999
02/05/2014,13.12,85.510002,90.309998,15.0063,35.18
05/05/2014,13.21,85.790001,90.010002,14.9974,35.540001
06/05/2014,13.32,86.940002,90.260002,14.8907,36.139999
07/05/2014,13.16,86.07,90.760002,14.9263,35.959999
08/05/2014,13.07,85.459999,91.019997,14.9263,35.650002
09/05/2014,12.93,85.779999,91.739998,14.464,35.25
12/05/2014,13.15,87.080002,92.339996,14.6684,36.09
13/05/2014,13.17,87.519997,92.57,14.7485,36.330002
14/05/2014,13.24,86.169998,92.190002,14.4551,36.740002
15/05/2014,13.06,85.190002,90.32,14.3128,36.060001
16/05/2014,13.22,86.599998,91.190002,14.4551,36.439999
19/05/2014,12.69,87.010002,92.839996,14.384,36.880001
20/05/2014,12.88,86.150002,92.769997,14.3128,37.040001
21/05/2014,13.04,85.550003,92.809998,14.4373,37.599998
22/05/2014,13.04,86.25,93.360001,14.5351,37.330002
23/05/2014,12.81,85.620003,93.75,14.6595,37.27
26/05/2014,12.88,85.669998,93.290001,14.7573,37.689999
27/05/2014,12.79,85.300003,95.199997,14.8196,37.830002
28/05/2014,12.85,87.139999,94.699997,14.944,37.73
29/05/2014,12.76,88,95.029999,14.9085,37.689999
30/05/2014,12.43,86.849998,92.980003,14.7218,37.200001
02/06/2014,12.62,87.959999,94.93,14.8551,37.68
03/06/2014,12.74,87.349998,93.620003,14.8818,37.880001
04/06/2014,12.6,87.620003,93,14.784,37.41
05/06/2014,12.88,86.989998,93.199997,14.784,37.240002
06/06/2014,13.16,89.089996,93.650002,15.0063,37.470001
09/06/2014,13.24,90.739998,93.760002,15.1663,37.77
10/06/2014,13.2,88.870003,94.989998,15.6641,38.59
11/06/2014,13.16,88.879997,94.93,15.4774,39.09
12/06/2014,12.96,87.790001,94.860001,15.2374,38.919998
13/06/2014,12.99,89.459999,94.029999,15.193,38.509998
16/06/2014,12.9,90.260002,94.089996,15.2463,39.32
17/06/2014,12.88,89.309998,94.589996,15.2374,39.25
18/06/2014,12.76,88.790001,95.110001,15.3796,39.360001
19/06/2014,12.77,89.860001,96.040001,15.5574,39.330002
20/06/2014,12.73,88.589996,96.110001,15.4152,39.700001
23/06/2014,12.74,90.080002,95.639999,15.3796,39.880001
24/06/2014,12.9,90.75,95.620003,15.2818,39.5
25/06/2014,12.92,90.879997,95.57,15.2107,38.720001
26/06/2014,12.83,91.150002,94.32,15.2907,38.080002
27/06/2014,13.29,89.540001,92.089996,15.2107,38.080002
30/06/2014,13.45,89.010002,92.790001,15.273,38.07
01/07/2014,13.48,90.669998,92.099998,15.4508,38.290001
02/07/2014,13.5,91.589996,93.349998,15.6197,39.009998
03/07/2014,13.54,92.68,94.610001,15.7086,39.34
04/07/2014,13.43,91.940002,94.199997,15.7175,39.48
07/07/2014,13.5,92.32,93.330002,15.593,39.869999
08/07/2014,13.47,89.690002,93.82,15.4685,39.849998
09/07/2014,14.73,88.980003,92.120003,15.4508,39.419998
10/07/2014,14.6,89.059998,91.360001,15.4152,39.860001
11/07/2014,14.92,90.150002,90.629997,15.2552,40.52
14/07/2014,15.06,90.610001,91.239998,15.4241,40.970001
15/07/2014,15.35,90.43,90.709999,15.2463,40.93
16/07/2014,15.55,90.449997,90.82,15.2463,41.049999
17/07/2014,15.52,90.989998,91.699997,14.9618,40.970001
18/07/2014,15.47,92.629997,92.459999,15.2641,41.450001
21/07/2014,15.07,91.510002,91.959999,15.0685,41.560001
22/07/2014,15.38,90.330002,91.879997,15.0685,41.16
23/07/2014,15.4,88.760002,91.120003,15.0329,41
24/07/2014,15.51,88.800003,91.160004,14.9707,41.560001
25/07/2014,15.53,90.620003,90.080002,14.9618,42.23
28/07/2014,15.65,91.760002,90.599998,14.8018,42.959999
29/07/2014,15.64,91.980003,90.349998,14.7929,42.209999
30/07/2014,15.67,93.730003,89.300003,14.8551,41.07
31/07/2014,15.59,94.260002,87.860001,14.7396,40.610001
01/08/2014,15.44,94.080002,89.900002,14.6329,40.619999
04/08/2014,15.67,95.730003,91.900002,14.7307,41.66
05/08/2014,15.41,94.730003,91.970001,14.7573,41.970001
06/08/2014,15.41,93.870003,92.489998,14.7662,41.52
07/08/2014,15,92.120003,91.900002,14.704,41.169998
08/08/2014,15.23,91.599998,91,14.944,41.700001
11/08/2014,15.52,94.220001,92.389999,14.944,42.32
12/08/2014,15.53,94.900002,92.690002,14.8818,42.25
13/08/2014,15.51,95.900002,91.900002,14.9174,42.889999
14/08/2014,15.47,96,90.07,14.9885,42.93
15/08/2014,15.47,96.199997,88.870003,14.9085,42.360001
18/08/2014,15.53,97.589996,88.830002,14.9707,42.740002
19/08/2014,15.46,97.699997,89.910004,14.9974,43.049999
20/08/2014,15.62,97.870003,90.769997,15.0863,43.169998
21/08/2014,15.84,97.339996,91.57,15.0507,42.939999
22/08/2014,15.71,96.889999,91.980003,15.0774,42.91
25/08/2014,15.74,97.669998,91.360001,15.3085,42.919998
26/08/2014,15.73,97.669998,92.43,15.3885,42.509998
27/08/2014,15.85,97.160004,90.629997,15.3352,42.950001
28/08/2014,15.87,95.589996,91.059998,15.3619,42.84
29/08/2014,15.99,97.290001,92.050003,15.4419,41.16
01/09/2014,16.030001,98.440002,90.209999,15.3708,40.459999
02/09/2014,16.389999,97.779999,90.300003,15.5219,40.290001
03/09/2014,16.559999,97.510002,91.110001,15.513,39.990002
04/09/2014,17.040001,97.379997,91.43,15.6463,40.009998
05/09/2014,17.17,97.040001,91.82,15.5308,40.060001
08/09/2014,17.389999,96.309998,91.639999,15.6375,40.939999
09/09/2014,17.17,95.059998,92.099998,15.5752,40.580002
10/09/2014,17,95.529999,91.839996,15.6463,40.369999
11/09/2014,16.91,94.489998,91.959999,15.6641,40.310001
12/09/2014,17.07,93.730003,91.410004,15.6197,40.119999
15/09/2014,17.370001,92.559998,90.68,15.5041,39.709999
17/09/2014,17.48,93.230003,89.32,15.6286,39.939999
18/09/2014,17.51,94.040001,90.360001,15.6286,39.720001
19/09/2014,17.120001,93.540001,89.32,15.6019,39.450001
22/09/2014,17.209999,91.279999,88.849998,15.6108,38.84
23/09/2014,16.85,92.239998,88.169998,15.6019,38.650002
24/09/2014,16.85,91.949997,86.900002,15.6641,39.630001
25/09/2014,16.83,91.18,87.400002,15.6108,39.759998
26/09/2014,16.99,91.309998,86.010002,15.6375,39.080002
29/09/2014,16.790001,91.110001,86.050003,15.6286,39.09
30/09/2014,16.959999,91.099998,85.779999,15.5574,38.939999
01/10/2014,16.57,89.760002,85.839996,15.2552,38.52
02/10/2014,16.65,91.190002,83.980003,15.0152,39.02
03/10/2014,16.780001,92.709999,84.190002,15.1574,39.240002
06/10/2014,16.83,92.550003,84.379997,15.1841,38.950001
07/10/2014,16.77,92.18,83.330002,15.0418,38.75
08/10/2014,16.639999,93.349998,83.849998,14.8996,39.209999
09/10/2014,16.59,93.610001,83.919998,14.5262,39.330002
10/10/2014,16.290001,92.120003,83.410004,14.0195,38.790001
13/10/2014,16.26,89.18,83.300003,13.4594,38.669998
14/10/2014,16.42,89.540001,83.529999,13.5839,38.599998
15/10/2014,16.219999,90.93,82.519997,13.5038,39.119999
16/10/2014,16.16,89.610001,81.360001,13.6817,39.169998
17/10/2014,16.290001,89.580002,82,14.0106,39.450001
20/10/2014,16.24,90.400002,82.25,14.1084,38.560001
21/10/2014,16.370001,92.849998,82.959999,14.2684,38.939999
22/10/2014,16.15,92.110001,82.959999,13.975,39.240002
23/10/2014,16.139999,93.25,83.220001,14.4195,40.119999
24/10/2014,16.02,89.410004,85.720001,14.5618,40.279999
27/10/2014,16.110001,91.889999,85.800003,14.4106,39.950001
28/10/2014,16.030001,93.529999,86.959999,14.6507,39.939999
29/10/2014,16.139999,94.120003,86.220001,14.5351,40.18
30/10/2014,16.17,95.5,86.699997,14.544,39.889999
31/10/2014,16.43,97.32,86.389999,14.7485,39.389999
03/11/2014,16.6,97.989998,87.660004,14.8729,39.599998
04/11/2014,16.459999,95.239998,87.160004,14.784,38.759998
05/11/2014,16.450001,95.889999,86.540001,14.7662,39.810001
06/11/2014,16.41,95.449997,84.879997,14.8907,39.48
07/11/2014,16.32,95.040001,84.290001,14.7662,38.880001
10/11/2014,16.120001,96.129997,85.510002,14.9529,38.860001
11/11/2014,15.91,96.07,85.480003,14.9974,38.810001
12/11/2014,15.51,95.440002,84.010002,14.9796,38.360001
13/11/2014,15.79,96.910004,81.730003,14.8018,37.939999
14/11/2014,15.74,96.879997,75.050003,14.8729,38.009998
18/11/2014,15.98,97.849998,76.809998,14.9174,37.290001
19/11/2014,16.110001,100.050003,78.709999,15.0152,39.189999
20/11/2014,16.049999,99.949997,80.290001,15.1841,39.029999
21/11/2014,16.450001,100.970001,81,15.2818,39.419998
24/11/2014,16.57,101.029999,80.849998,15.4419,38.349998
25/11/2014,16.52,100.269997,80.919998,15.2907,39.279999
26/11/2014,16.49,101.669998,80.470001,15.4508,39.150002
27/11/2014,16.57,102.349998,79.93,15.3708,39.240002
28/11/2014,16.4,101.290001,78.800003,15.353,39.110001
01/12/2014,16.27,102.129997,76.709999,15.0329,38.650002
02/12/2014,16.059999,101.870003,77.510002,14.7307,38.189999
03/12/2014,16.049999,102.449997,79.150002,14.6684,38.200001
04/12/2014,15.96,102.07,77.75,14.6062,37.810001
05/12/2014,16.120001,104.730003,78.010002,14.6862,37.720001
08/12/2014,16.08,104.68,78.650002,14.4551,37.639999
09/12/2014,15.79,103.660004,78.18,14.1617,36.599998
10/12/2014,15.55,99,76.089996,13.7883,35.599998
11/12/2014,15.94,98.800003,78.190002,13.9306,36.259998
15/12/2014,15.15,94.370003,76.849998,13.1216,36.459999
16/12/2014,15.05,94.089996,75.589996,13.1394,36.66
17/12/2014,15.48,95.010002,75.970001,13.415,37.049999
18/12/2014,15.91,97.730003,79.080002,14.0284,39.389999
19/12/2014,15.79,97.720001,82.080002,13.9395,39.759998
22/12/2014,16.08,99.18,81.110001,13.8328,40.709999
23/12/2014,16.299999,100.550003,81.379997,13.6728,40.900002
24/12/2014,16.24,100.809998,80.389999,13.5216,40.720001
26/12/2014,16.4,100.220001,80.349998,13.3972,40.799999
29/12/2014,16.459999,99.68,81.139999,13.5216,40.57
30/12/2014,16.309999,99.220001,80.589996,13.5216,40.599998
31/12/2014,16.4,100.589996,81.199997,13.3705,40.700001
02/01/2015,16.200001,99.940002,78.830002,13.0505,39.77
05/01/2015,16.02,98.230003,76.599998,12.7393,39.709999
06/01/2015,15.94,97.610001,75.860001,12.9171,39.419998
07/01/2015,16.120001,97.529999,77.5,13.2105,40.389999
08/01/2015,16.43,98.330002,78.669998,13.3794,41.02
09/01/2015,16.629999,98.18,78,13.335,40.220001
12/01/2015,16.5,95.209999,75.57,13.1305,39.73
13/01/2015,16.4,95.940002,75.18,12.926,39.869999
14/01/2015,16.440001,93.870003,74.019997,12.4371,38.84
15/01/2015,16.620001,93.980003,74.769997,12.3748,37.810001
16/01/2015,16.59,93.970001,77.879997,12.1792,39.16
19/01/2015,16.6,93.860001,77.550003,12.1792,39.18
20/01/2015,16.91,94.699997,78.279999,12.3482,39.799999
21/01/2015,17.120001,97.32,79.839996,12.3304,40.099998
22/01/2015,17.32,100.019997,78.959999,12.6949,40.869999
23/01/2015,17.25,98.690002,80.519997,12.4282,40.41
26/01/2015,16.83,99.669998,79.970001,12.4637,40.299999
27/01/2015,16.639999,99.279999,80.650002,12.5171,39.950001
28/01/2015,16.370001,98.18,79.629997,12.2859,39.23
29/01/2015,16.290001,98.610001,78.809998,12.3659,39.43
30/01/2015,16.030001,97.559998,76.07,11.8325,38.139999
03/02/2015,16.030001,98.629997,79.25,12.197,39.77
04/02/2015,16.030001,99.989998,79.089996,11.6103,39.029999
05/02/2015,16.15,99.769997,79.010002,13.1305,38.77
06/02/2015,16.18,98.019997,79.580002,13.0682,39.330002
09/02/2015,16.18,98.540001,78.940002,13.2549,38.810001
10/02/2015,16.16,100.870003,78.040001,12.9527,38.919998
11/02/2015,15.55,99.730003,76.470001,12.8104,39.689999
12/02/2015,16.190001,104.709999,79.209999,13.1927,40.549999
13/02/2015,16.370001,103.57,79.989998,13.0505,40.619999
16/02/2015,16.32,104.459999,80.169998,13.0238,40.459999
17/02/2015,16.299999,104.580002,81.559998,13.2816,40.919998
18/02/2015,16.35,99.769997,79.220001,13.0594,42.139999
19/02/2015,16.360001,99.059998,80.190002,13.1483,42
20/02/2015,16.34,99.580002,80.75,13.3083,41.810001
23/02/2015,15.99,102.160004,80.32,13.4416,42.939999
24/02/2015,15.98,100.970001,80.669998,13.6817,42.849998
25/02/2015,16,100.300003,80.629997,13.5127,42.349998
26/02/2015,16.209999,101.949997,80.730003,13.6994,42.740002
27/02/2015,16,101.610001,81.190002,13.4683,42.220001
02/03/2015,15.81,102.489998,80.129997,13.5038,41.790001
03/03/2015,15.69,103.980003,80.089996,13.2994,41.919998
04/03/2015,15.62,103.580002,80.540001,13.1216,41.810001
05/03/2015,15.42,105.459999,82.790001,13.2727,41.130001
06/03/2015,15.43,106.93,82.980003,12.7838,40.810001
09/03/2015,15.46,105.910004,82.809998,12.8015,41.639999
10/03/2015,15.31,106.010002,83.540001,12.7038,40.869999
11/03/2015,15.2,106.559998,84.720001,12.8193,41.82
12/03/2015,15.25,106.510002,85.989998,13.2816,42.470001
13/03/2015,15.28,106.220001,86.809998,13.2994,42.5
17/03/2015,15.2,105.360001,87.989998,13.1394,42.080002
18/03/2015,16.08,102.769997,89.580002,12.9705,43.07
19/03/2015,15.73,103.989998,89.400002,12.7038,42.810001
20/03/2015,15.72,103.589996,87.129997,12.7038,44.209999
23/03/2015,15.74,103.970001,86.599998,12.8371,43.91
24/03/2015,15.78,103.209999,86.989998,13.0238,44.490002
25/03/2015,15.64,100.639999,85.610001,12.9438,43.779999
26/03/2015,15.57,99.980003,85.050003,12.7304,42.490002
27/03/2015,15.62,100.57,87.970001,12.7927,42.619999
30/03/2015,15.8,102.279999,87.970001,12.8993,43.130001
31/03/2015,15.66,100.800003,88.519997,12.8638,43.259998
01/04/2015,16.219999,103.769997,89.599998,12.7393,43.220001
06/04/2015,16.290001,104.809998,90.379997,13.3616,44.330002
07/04/2015,16.01,104.599998,92.050003,13.4327,44.040001
08/04/2015,15.81,105.370003,91.419998,13.1572,43.43
09/04/2015,15.97,106.760002,90.32,13.2105,42.990002
10/04/2015,16.200001,107.639999,87.739998,13.2283,43
13/04/2015,16.309999,107.870003,87.099998,13.246,42.779999
14/04/2015,16.32,107.190002,87.610001,13.3172,42.529999
15/04/2015,16.629999,108.260002,87.349998,13.6461,42.740002
16/04/2015,16.879999,107.699997,89.339996,13.6016,43.529999
17/04/2015,16.870001,105.160004,89.110001,13.4327,42.689999
20/04/2015,16.92,106.32,87.809998,13.3794,42.18
21/04/2015,16.959999,108.110001,88.220001,13.4505,42.669998
22/04/2015,16.91,108.989998,87.769997,13.7083,42.130001
23/04/2015,17.120001,109.199997,87.279999,13.815,43.189999
24/04/2015,16.969999,112.709999,87.720001,14.1528,42.360001
27/04/2015,16.959999,112.089996,86.889999,14.2506,42.099998
28/04/2015,16.65,112.260002,88.980003,14.1642,42.18
29/04/2015,16.41,111.400002,86.879997,14.0717,42.139999
30/04/2015,16.110001,111.660004,87.480003,13.6834,41.200001
04/05/2015,16.16,113,89.559998,13.8776,41.689999
05/05/2015,15.96,109.559998,89.760002,13.8129,42.259998
06/05/2015,15.79,108.830002,88.650002,13.6927,42.09
07/05/2015,15.85,108.910004,88.900002,13.7944,41.68
08/05/2015,15.77,110.519997,90.389999,14.118,41.900002
11/05/2015,15.72,111.489998,90.849998,14.2752,41.630001
12/05/2015,15.55,111.07,88.989998,14.2382,41.869999
13/05/2015,15.49,110.379997,88.589996,14.2012,42.689999
14/05/2015,15.76,110.160004,88.080002,14.3399,42.91
15/05/2015,15.81,110.360001,88.470001,14.4878,42.380001
18/05/2015,15.69,110.989998,88.629997,14.3399,42.5
19/05/2015,15.64,111.360001,87.779999,14.3121,42.439999
20/05/2015,15.88,110.739998,86.940002,14.1642,42.25
21/05/2015,15.71,110.370003,87.07,14.1457,41.919998
22/05/2015,15.63,113.870003,86.730003,13.8683,41.759998
25/05/2015,15.79,112.580002,86.870003,13.8314,41.619999
26/05/2015,15.85,113.690002,86.07,13.6557,40.900002
27/05/2015,16.040001,114.639999,85.730003,13.9146,40.880001
28/05/2015,16.209999,116.739998,86.93,13.5817,40.98
29/05/2015,16.200001,116.440002,86.93,13.3321,41.68
01/06/2015,16.43,118.129997,85.620003,13.2212,41.080002
02/06/2015,16.41,119.529999,85.779999,13.48,40.73
03/06/2015,16.360001,118.129997,85.279999,13.2674,40.439999
04/06/2015,16.059999,115.809998,86.110001,13.1749,40.259998
05/06/2015,15.99,116.209999,85.540001,13.4431,40.310001
08/06/2015,15.95,115.639999,85.419998,13.4708,40.939999
09/06/2015,15.71,115.43,86.629997,13.5078,41.25
10/06/2015,15.91,115.620003,86.300003,13.6372,41.310001
11/06/2015,15.74,118.400002,86.129997,13.6002,41.240002
12/06/2015,15.83,119.099998,86.169998,13.6187,41.02
15/06/2015,15.73,119.410004,84.769997,13.4615,40.599998
16/06/2015,15.8,119.720001,86.110001,13.554,40.630001
17/06/2015,15.85,118.639999,85.129997,13.6649,40.689999
18/06/2015,16.299999,118.290001,86.919998,13.7204,40.950001
19/06/2015,16.190001,120.550003,87.010002,13.6372,40.810001
22/06/2015,16.42,120.389999,87.75,13.7204,40.380001
23/06/2015,16.52,121.230003,87.860001,13.7944,41.040001
24/06/2015,16.540001,122.260002,87.410004,13.6002,41.220001
25/06/2015,16.700001,122.93,86.260002,13.6372,41.380001
26/06/2015,16.700001,122.860001,86.389999,13.6649,41.389999
29/06/2015,16.58,120.370003,84.230003,13.1657,40.610001
30/06/2015,16.76,122.110001,86.239998,13.3229,40.66
01/07/2015,16.4,121.360001,86.379997,13.2489,40.830002
02/07/2015,16.530001,122.519997,86.550003,13.2489,41.139999
03/07/2015,16.5,122.339996,85.720001,13.2766,41.389999
06/07/2015,16.360001,120.639999,86.529999,13.0362,41.509998
07/07/2015,16.709999,114.870003,86.639999,13.1749,41.380001
08/07/2015,16.309999,112.580002,86.959999,12.7774,41.080002
09/07/2015,16.23,111.830002,87.910004,12.953,41.77
10/07/2015,16.309999,112,89.43,13.1472,42.580002
13/07/2015,16.51,114.059998,88.93,13.2581,42.099998
14/07/2015,16.559999,113.389999,88.239998,13.2489,42.049999
15/07/2015,16.309999,114.589996,88.099998,13.1472,41.82
16/07/2015,16.450001,114.470001,87.449997,13.1564,42
17/07/2015,16.23,113.93,87.220001,13.2674,42.5
20/07/2015,16.4,113.720001,87.809998,13.3876,42.5
21/07/2015,16.110001,113.389999,87.239998,13.1564,43.630001
22/07/2015,15.85,113.099998,85.970001,13.2581,42.5
23/07/2015,15.76,113.739998,85.82,12.9715,43.080002
24/07/2015,15.45,114.360001,84.650002,12.1764,41.91
27/07/2015,15.19,111.279999,84.550003,11.8713,42.119999
28/07/2015,15.45,111.629997,85.440002,12.574,42.349998
29/07/2015,15.36,112.019997,85.889999,12.8328,41.900002
30/07/2015,15.26,111.410004,85.860001,12.6017,42.490002
31/07/2015,15.67,112.419998,84.800003,12.6942,43.23
03/08/2015,15.75,112.970001,86.019997,12.5832,43.639999
04/08/2015,15.99,113.870003,85.93,12.3983,43.869999
05/08/2015,15.87,108.739998,83.940002,12.2504,43.869999
06/08/2015,15.84,107,85.010002,12.4445,43.119999
07/08/2015,15.66,107.290001,85.099998,12.7404,43.540001
10/08/2015,15.88,108.309998,84.910004,12.9068,43.75
11/08/2015,15.52,106.309998,83.889999,12.2966,43
12/08/2015,15.35,105.910004,83.400002,12.1856,42.650002
13/08/2015,15.08,106.269997,84.440002,12.1672,42.02
14/08/2015,15.16,105.519997,82.989998,12.2319,41.799999
17/08/2015,15.47,107.169998,81.760002,12.1209,42.099998
18/08/2015,15.52,107.260002,80.589996,12.2504,41.790001
19/08/2015,15.56,106.279999,79.080002,12.1117,40.98
20/08/2015,15.28,103.379997,79.489998,11.6494,41.139999
21/08/2015,15.04,102.139999,77.029999,11.0485,40.360001
24/08/2015,14.91,99.519997,76.510002,10.9098,39.119999
25/08/2015,15.06,99.900002,78.709999,11.0485,39.689999
26/08/2015,15,100.830002,78.93,11.2056,40.099998
27/08/2015,15.56,101.379997,80.720001,11.8713,42.330002
28/08/2015,15.41,101.129997,79.849998,11.8713,41.400002
31/08/2015,15.27,102.449997,80.410004,12.1394,43.080002
01/09/2015,15.09,100.099998,77.709999,11.4737,42.330002
02/09/2015,15.12,99.330002,77.150002,11.7141,42.610001
03/09/2015,15.12,99.650002,78.080002,11.7788,42.349998
04/09/2015,14.93,97.540001,77.620003,11.5754,42.299999
07/09/2015,14.96,96.370003,76.849998,11.52,42.130001
08/09/2015,15.18,98.220001,77.120003,11.7973,42.299999
09/09/2015,15.04,97.290001,77.849998,11.7604,41.759998
10/09/2015,14.86,97.099998,77.489998,11.9823,42.099998
11/09/2015,14.76,96.699997,76.620003,11.9453,41.830002
14/09/2015,15.06,95.68,77.68,12.1394,41.790001
15/09/2015,15.03,96.639999,78.760002,12.1487,42.049999
17/09/2015,15.04,96.199997,80.559998,12.2966,42.290001
18/09/2015,14.87,96.489998,80.93,11.8898,42.529999
21/09/2015,15.07,96.779999,79.589996,11.8528,42.580002
22/09/2015,14.71,95.779999,79.550003,11.5569,43.09
23/09/2015,14.46,94.550003,80.120003,11.1871,42.59
24/09/2015,14.32,91.660004,79.889999,11.0669,41.860001
25/09/2015,14.29,91.900002,80.269997,10.9467,41.5
28/09/2015,14.12,89.019997,79.879997,10.5584,41.389999
29/09/2015,14.06,87.489998,80.82,10.6879,41.34
30/09/2015,14.02,88.199997,82.800003,10.9005,42.810001
01/10/2015,14.24,87.379997,82.879997,10.9837,42.950001
02/10/2015,14.19,87.330002,83.709999,11.0577,42.540001
05/10/2015,14.84,88.25,83.730003,11.3166,43.470001
06/10/2015,14.7,88.459999,82.529999,11.3905,43.869999
07/10/2015,14.71,89.779999,82.139999,11.8713,43.98
08/10/2015,14.77,89.529999,82.389999,12.0192,43.599998
09/10/2015,14.7,89.599998,83.339996,11.936,44.25
12/10/2015,14.5,88.480003,83.910004,11.7788,44.790001
13/10/2015,14.52,88.230003,84.860001,11.8436,44.34
14/10/2015,14.19,87.339996,85.059998,12.047,44.099998
15/10/2015,14.28,88.160004,86.029999,11.7696,44.049999
16/10/2015,14.26,88.290001,88,11.9453,44.880001
19/10/2015,14.57,88.610001,88.150002,11.8436,45.049999
20/10/2015,14.32,89.400002,87.709999,11.8621,45.220001
21/10/2015,14.06,87.879997,88.059998,11.6217,45.860001
22/10/2015,14.21,88.25,87.959999,10.7526,47.549999
23/10/2015,14.33,94.379997,90.910004,10.7341,47.34
26/10/2015,14.45,92.68,87.970001,10.3735,47.700001
27/10/2015,14.12,93.220001,89.889999,10.0314,46.919998
28/10/2015,14.03,96.5,91.300003,10.1794,46.68
29/10/2015,14.38,97.309998,90.849998,9.98521,46.610001
30/10/2015,14.75,96.110001,88.949997,9.6801,46.869999
03/11/2015,14.55,98.629997,93.650002,9.72633,48.490002
04/11/2015,14.27,98.010002,96.269997,9.81879,48.75
05/11/2015,14.38,97.279999,94.739998,9.88351,47.09
06/11/2015,14.27,97.769997,94.690002,9.67086,47.189999
09/11/2015,13.99,96.309998,91.790001,9.2733,46.91
10/11/2015,13.66,96.269997,91.349998,9.25481,46.82
11/11/2015,13.67,96.650002,91.589996,9.16235,48.139999
12/11/2015,13.75,95.019997,91.050003,9.13462,47.150002
13/11/2015,13.4,93.059998,89.870003,8.6446,46.900002
17/11/2015,13.59,94.809998,92.940002,9.14386,46.869999
18/11/2015,14.17,97.089996,93.540001,9.19933,47.18
19/11/2015,14.25,96.230003,91.449997,9.24556,48.48
20/11/2015,14.13,96.150002,93.839996,9.45821,49.040001
23/11/2015,14.09,97.120003,92.07,9.29179,48.509998
24/11/2015,14.05,96.559998,90.760002,9.35651,47.459999
25/11/2015,13.81,95.389999,88.739998,9.4767,46.889999
26/11/2015,13.79,96.110001,90.190002,9.58765,47.099998
27/11/2015,13.74,95.959999,89.75,9.60614,46.950001
30/11/2015,13.43,93.349998,89.489998,9.71709,45.880001
01/12/2015,13.75,95.879997,91.5,9.55991,47.59
02/12/2015,13.33,96.43,90.309998,9.38425,47.25
03/12/2015,13.35,95.43,89.309998,9.25481,46.59
04/12/2015,13.17,96.300003,89.209999,9.21783,46.360001
07/12/2015,12.93,96.800003,88.110001,9.00518,46.349998
08/12/2015,12.6,94.949997,87.410004,8.71857,45.740002
09/12/2015,12.64,95.68,90.040001,8.82951,45.209999
10/12/2015,12.73,96.160004,88.510002,8.80178,45.07
11/12/2015,12.6,94.110001,88.589996,8.3395,45.34
14/12/2015,12.62,92.32,88.010002,8.08062,45.599998
15/12/2015,12.87,94.82,91.18,8.27478,46.049999
16/12/2015,13.26,96.019997,94.419998,8.41346,46.689999
17/12/2015,13.05,95.330002,96.510002,8.45044,47.77
18/12/2015,12.7,95.080002,95.57,8.30251,46.310001
21/12/2015,12.7,95.019997,94.150002,8.16383,46.27
22/12/2015,12.49,96.209999,93.860001,8.40422,46.18
23/12/2015,12.51,96.599998,93.559998,9.00518,46.77
24/12/2015,12.46,96.970001,93.120003,8.98669,46.41
28/12/2015,12.24,96.139999,94.040001,8.68158,46.400002
29/12/2015,12.54,96.830002,94.489998,8.60762,46.560001
30/12/2015,12.52,95.82,94.160004,8.56139,45.549999
31/12/2015,12.12,94.339996,94.989998,8.71857,45.950001
04/01/2016,12.03,92.620003,91.790001,8.43195,45.02
05/01/2016,11.97,91.889999,91.720001,8.31176,45.77
06/01/2016,11.74,90.410004,91.629997,8.29327,45.970001
07/01/2016,11.34,90.230003,89.540001,7.63683,46.18
08/01/2016,10.92,91.599998,88.849998,7.1838,46.560001
11/01/2016,11.16,92.940002,89.300003,7.23928,47.32
12/01/2016,11.25,96.599998,89.339996,7.3872,47.290001
13/01/2016,11.43,96.75,88.620003,7.13757,47.459999
14/01/2016,11.72,97.809998,87.589996,7.35947,47.439999
15/01/2016,11.37,95.25,85.419998,7.32249,47.18
18/01/2016,11.26,94.550003,85.470001,7.25777,46.540001
19/01/2016,11.32,94.739998,85.940002,6.95266,46.73
20/01/2016,11.39,93.589996,85.230003,6.81398,46.650002
21/01/2016,11.63,95.849998,83.080002,7.2855,45
22/01/2016,11.97,97.660004,84.970001,7.44268,47.380001
25/01/2016,11.78,96.580002,86.029999,6.90643,47.099998
26/01/2016,12.08,97.379997,86.529999,7.05436,47.970001
27/01/2016,12.36,96.230003,87.989998,7.02663,48.009998
28/01/2016,12.44,94.349998,88.730003,7.21154,48.970001
29/01/2016,12.79,96.120003,94.629997,7.58136,50.66
02/02/2016,12.69,97.230003,90.050003,7.42419,51.810001
03/02/2016,12.89,96.059998,91.160004,7.76627,51.41
04/02/2016,13.19,95.230003,90.629997,8.70932,51.52
05/02/2016,13.02,91.019997,89.410004,8.55214,50.099998
08/02/2016,12.91,90.220001,87.989998,7.9142,50.59
09/02/2016,12.56,88.480003,86.150002,7.68306,51.400002
10/02/2016,11.85,89.639999,88.389999,7.67382,51.869999
11/02/2016,11.82,90.860001,87.120003,7.55362,50.669998
12/02/2016,12.05,89.099998,85.540001,7.83099,50.41
15/02/2016,12.43,91.760002,87.589996,8.08062,51.439999
16/02/2016,12.34,91.389999,86.519997,8.12685,50.990002
17/02/2016,12.42,92.470001,92.019997,8.848,51.27
18/02/2016,12.23,91.120003,91.300003,8.51516,52
19/02/2016,11.93,90.139999,91.599998,8.56139,52.830002
22/02/2016,12.07,91.440002,91.449997,9.06065,53.709999
23/02/2016,12,90.199997,90.540001,8.9497,52.110001
24/02/2016,12.01,92.089996,90.370003,8.98669,51.209999
25/02/2016,12.19,92.410004,90.519997,9.07914,51.049999
26/02/2016,12.23,93,89.779999,9.16235,51.73
29/02/2016,12.34,93.400002,91.620003,9.24556,51.5
01/03/2016,12.57,94.959999,94.300003,9.63388,53.470001
02/03/2016,12.9,95.459999,93.830002,9.62463,53.91
03/03/2016,13.04,95.169998,94.120003,9.6801,52.720001
04/03/2016,13.11,98.599998,95,9.73558,52.330002
07/03/2016,13.28,100.169998,96.110001,10.1609,51.709999
08/03/2016,13.36,97.860001,95.75,9.80954,52.310001
09/03/2016,12.95,95.360001,95.980003,9.95747,51.509998
10/03/2016,13.03,95.400002,93.410004,10.0314,50.849998
11/03/2016,13.46,95.510002,94.650002,9.95747,50.34
14/03/2016,13.32,96.199997,93.43,10.0869,50.970001
15/03/2016,12.96,94.809998,94.879997,9.86501,50.540001
16/03/2016,13.14,94.480003,97.029999,10.0962,50.540001
17/03/2016,13.27,98.510002,97.650002,10.4105,51.82
18/03/2016,13.01,97.82,98.75,11.0577,51.07
22/03/2016,13.16,96.050003,98.510002,11.5015,51.509998
23/03/2016,13.42,98.199997,96.830002,11.1132,51.400002
28/03/2016,13.53,96.43,98.25,11.2981,51.52
29/03/2016,13.41,97.629997,99.279999,11.2888,51.470001
30/03/2016,13.43,96.940002,99.43,11.5107,51.48
31/03/2016,13.43,95.150002,97.43,11.6032,51.07
01/04/2016,13.65,95.660004,98,11.6032,50.580002
04/04/2016,13.69,95.980003,95.790001,11.5107,49.93
05/04/2016,13.55,93.980003,93.650002,11.5107,49.439999
06/04/2016,13.47,93.839996,96.080002,11.5292,49.419998
07/04/2016,13.36,93.139999,94.639999,11.409,49.310001
08/04/2016,13.52,91.32,93.360001,11.4275,49.110001
11/04/2016,13.33,91.919998,94.050003,11.52,49.009998
12/04/2016,13.61,91.610001,94.129997,11.6402,49.5
13/04/2016,13.73,92.190002,94.339996,11.7788,49.150002
14/04/2016,13.66,91.93,93.330002,11.6402,49.279999
15/04/2016,13.53,92.160004,94.099998,11.8713,49.150002
18/04/2016,13.1,90.410004,93.809998,11.9083,47.799999
19/04/2016,13.61,90.910004,95.019997,12.0192,50.18
20/04/2016,13.55,91.139999,95.529999,12.084,50.5
21/04/2016,13.66,92.379997,95.839996,12.0655,50.619999
22/04/2016,13.62,94.550003,95.440002,12.2134,50.02
25/04/2016,13.68,93.75,95.739998,11.9083,49.950001
26/04/2016,13.6,93.110001,95.769997,11.9083,50.32
27/04/2016,13.64,93.699997,97.980003,12.01,51.57
28/04/2016,12.11,92.760002,96.690002,12.1209,52.119999
29/04/2016,12.16,100.260002,97.669998,12.2788,52.450001
02/05/2016,11.93,98.110001,98.93,12.3077,53.259998
03/05/2016,12.14,99.5,96.809998,12.0192,52.810001
04/05/2016,11.74,97.940002,96.260002,11.8654,53.990002
05/05/2016,11.59,99.260002,96.610001,11.6923,52.950001
06/05/2016,11.51,98.610001,95.860001,11.7212,53.450001
09/05/2016,11.62,96.839996,96.779999,11.7308,54.34
10/05/2016,11.82,96.889999,97.760002,12.0096,54.970001
11/05/2016,11.59,96.339996,98.209999,11.8558,55.099998
12/05/2016,11.69,95.199997,98.989998,11.8173,54.200001
13/05/2016,11.66,95.620003,97.610001,11.5288,54.349998
16/05/2016,11.72,97.010002,98.949997,11.5865,54.610001
17/05/2016,11.79,96.290001,99.18,11.6731,57.02
18/05/2016,11.71,94.889999,96.389999,11.5673,56.849998
19/05/2016,11.54,94.419998,95.970001,11.3269,56.950001
20/05/2016,11.52,97.209999,95.93,11.3846,55.18
23/05/2016,11.5,98.410004,96.989998,11.4615,55.27
24/05/2016,11.56,99.360001,96.510002,11.5288,56.060001
25/05/2016,11.42,99.879997,97.279999,11.625,56.330002
26/05/2016,11.53,100.080002,98.650002,11.6538,55.290001
27/05/2016,11.5,100.529999,98.010002,11.5192,55.400002
30/05/2016,11.51,100.309998,98.040001,11.5,55.5
31/05/2016,11.29,98.480003,96.510002,11.2788,54.41
01/06/2016,11.29,99.519997,96.720001,11.2308,53.68
02/06/2016,11.29,99.5,96.75,11.125,53.689999
03/06/2016,11.35,98.57,98.089996,11.4135,54.459999
06/06/2016,11.3,96.57,96.07,11.3654,54.27
07/06/2016,11.5,96.150002,96,11.5962,55.240002
08/06/2016,11.77,95.559998,96.730003,11.9423,54.529999
09/06/2016,11.5,94.800003,96.269997,11.5769,54.25
10/06/2016,11.31,93.339996,97.129997,11.2596,53.68
13/06/2016,11.04,93.839996,97.360001,11.125,53.34
14/06/2016,10.95,92.32,96.830002,10.7981,52.5
15/06/2016,11.24,92.349998,97.160004,11.1538,53.529999
16/06/2016,11.24,93.440002,98.440002,11.2692,54.779999
17/06/2016,11.24,94.43,96.160004,11.5,55.580002
20/06/2016,11.38,96.790001,97.199997,11.7308,54.84
21/06/2016,11.29,96.050003,98.550003,11.5865,55.029999
22/06/2016,11.32,96.720001,99.160004,11.6635,56.380001
23/06/2016,11.29,96.879997,102.150002,11.8942,57.84
24/06/2016,11.02,95.209999,96.489998,10.8077,55.560001
27/06/2016,10.95,91.529999,94.440002,10.2019,55.549999
28/06/2016,11,92.370003,97.050003,10.2788,56.099998
29/06/2016,11.32,93.900002,99.970001,10.5,57.48
30/06/2016,11.22,95.43,102.519997,10.8654,57.220001
01/07/2016,11.41,97.099998,103.849998,10.875,58.02
04/07/2016,11.33,96.080002,104.120003,10.75,59.860001
05/07/2016,11.47,97.519997,101.699997,10.5096,58.34
06/07/2016,11.31,94.099998,101.800003,10.5962,56.950001
07/07/2016,11.21,93,102.169998,10.9423,56.09
08/07/2016,11.32,95.410004,101.82,11.0962,56.790001
11/07/2016,11.33,96.370003,101.480003,11.5865,57
12/07/2016,11.23,97.660004,102.629997,11.9231,57.220001
13/07/2016,11.19,98.07,100.5,11.7981,57.139999
14/07/2016,11.43,98.790001,100.959999,11.9135,59.630001
15/07/2016,11.38,99.220001,101.050003,12,58.77
18/07/2016,11.63,99.269997,100.209999,12.4904,58.799999
19/07/2016,11.65,100.330002,101.57,12.0385,58.98
20/07/2016,11.88,101.029999,103.669998,12.3558,58.790001
21/07/2016,11.86,99.269997,102.82,12.1346,58.82
22/07/2016,11.6,100.349998,101.93,12.2596,58.82
25/07/2016,11.58,98.489998,99.360001,12.2981,57.59
26/07/2016,11.53,99.120003,98.760002,12.5288,56.459999
27/07/2016,11.35,99.220001,100.389999,12.8365,56.259998
28/07/2016,11.05,99.059998,101.830002,13.4904,56.400002
29/07/2016,10.78,99.529999,102.690002,13.7404,55.889999
01/08/2016,10.93,98.849998,104.400002,13.7212,55.639999
02/08/2016,10.93,99.080002,102.839996,13.4135,54.860001
03/08/2016,10.82,98.769997,103.669998,13.6442,55.200001
04/08/2016,10.77,98.400002,102.860001,13.7212,55.48
05/08/2016,10.8,99.110001,104.220001,14.1538,55.560001
08/08/2016,10.86,97.379997,105.620003,14.0192,55.84
09/08/2016,11.1,96.779999,105,14.4231,55.540001
10/08/2016,11.13,97.239998,104.389999,14.9038,55.939999
11/08/2016,11.23,98.849998,108.029999,15.1635,55.119999
12/08/2016,11,99.599998,108.400002,15.3077,55.18
15/08/2016,11.05,100.150002,108.650002,15.4327,55.419998
16/08/2016,11.04,98.839996,106.809998,15.25,54.970001
17/08/2016,11.13,98.82,104.440002,15.2115,55.16
18/08/2016,11.04,98.720001,105.889999,15.1154,55.639999
19/08/2016,11.04,100.57,105.029999,15.1635,55.16
22/08/2016,10.98,101.139999,105.889999,15.1635,55.759998
23/08/2016,10.91,101.25,103.080002,14.9712,54.759998
24/08/2016,10.85,101.300003,104,14.7788,55.189999
25/08/2016,11.06,101.889999,104.040001,14.2692,55.02
26/08/2016,10.97,101.669998,103.029999,14.9327,53.349998
29/08/2016,11.11,102.25,103.199997,15.0481,53.009998
30/08/2016,11.16,102.849998,102.900002,14.9904,53.029999
31/08/2016,11.26,102.629997,101.209999,14.9712,53.490002
01/09/2016,11.03,101.800003,104.900002,14.875,53.110001
02/09/2016,10.93,102.68,105.910004,15.0481,54.880001
05/09/2016,10.95,102.699997,105.279999,15.1538,54.130001
06/09/2016,10.89,99.440002,106.099998,14.9904,54.09
07/09/2016,10.85,100.129997,107.290001,14.8077,53.529999
08/09/2016,11.01,100.269997,106.68,14.8365,53.709999
09/09/2016,10.91,96.010002,103.989998,14.2308,53.52
12/09/2016,11.09,95.629997,105.839996,14.5385,53.990002
13/09/2016,11.16,95.040001,103.419998,14.0865,52.5
14/09/2016,11.12,95.419998,100.93,13.9423,50.490002
15/09/2016,11.17,94.900002,100.489998,14.0288,51.220001
19/09/2016,10.95,95.93,100.410004,13.9135,52.209999
20/09/2016,11.02,96.809998,101.580002,14.0481,52.610001
21/09/2016,11.21,97.760002,102.57,14.1635,52.34
22/09/2016,11.48,101.129997,106.949997,14.7115,53.02
23/09/2016,11.44,102.040001,103.110001,14.7308,53.549999
26/09/2016,11.19,100.800003,101.150002,14.4904,52.75
27/09/2016,11.05,100.080002,104.68,14.7981,54.48
28/09/2016,11.26,102.059998,104.089996,15.0865,53.279999
29/09/2016,11.15,100.32,102.559998,15.3462,52.900002
30/09/2016,11.07,99.629997,101.68,14.7692,51.110001
03/10/2016,11.16,101.010002,105.470001,14.7692,53.029999
04/10/2016,11.06,100.370003,106.860001,14.7115,53.41
05/10/2016,11.21,100.93,105.970001,14.9423,53.290001
06/10/2016,11.07,99.650002,106.349998,15.1154,52.490002
07/10/2016,11.24,99.610001,106.309998,15.0096,51.669998
10/10/2016,11.35,100.790001,109.279999,15.4038,52.209999
11/10/2016,11.34,98.730003,108.349998,15.3365,52.18
12/10/2016,11.33,97.540001,107.970001,15.2596,51.389999
13/10/2016,11.17,95.849998,106.43,15.4615,51.200001
14/10/2016,11.01,96.209999,107.07,15.3365,51.799999
17/10/2016,10.93,96.010002,107.82,15.4519,51.139999
18/10/2016,11.08,96.559998,109.919998,15.6731,52
19/10/2016,11.2,97.75,111.339996,15.8173,53.299999
20/10/2016,11.12,97.099998,111.459999,16.0481,51.91
21/10/2016,11.19,97.300003,112.730003,16.2789,51.66
24/10/2016,11.23,95.559998,113.849998,16.2885,52.009998
25/10/2016,11.2,95.550003,113.589996,16.2211,51.240002
26/10/2016,11.1,95.449997,111.779999,16.230801,50.900002
27/10/2016,11.17,95.330002,113,16.2115,51.509998
28/10/2016,12.46,93.239998,111.550003,15.7981,51.419998
31/10/2016,12.52,93,111.309998,15.7308,50.91
01/11/2016,12.54,93.489998,109.010002,15.4808,50.130001
03/11/2016,12.19,92.519997,107.709999,15.5865,48.75
04/11/2016,11.88,92.029999,109.360001,15.2212,49.669998
07/11/2016,12.13,95.089996,111.57,16.019199,51.73
08/11/2016,12.41,94.330002,113.639999,16.0961,52.009998
09/11/2016,11.98,92.93,105.18,15.7308,52.009998
10/11/2016,11.76,92.129997,95.82,14.8846,50
11/11/2016,11.57,92.550003,94.790001,14.8173,49.93
14/11/2016,11.6,93.330002,95.660004,14.8173,51.349998
15/11/2016,11.68,91.720001,95.809998,14.8942,49.91
16/11/2016,11.95,91.910004,95.830002,14.8942,49.66
17/11/2016,11.68,90.389999,94.790001,15.6154,48.66
18/11/2016,11.61,87.82,91.510002,15.2885,46.549999
22/11/2016,11.95,85.220001,95.959999,15.4808,48.049999
23/11/2016,12.11,84.07,96.489998,15.6346,48.68
24/11/2016,12.08,83.389999,96.739998,15.5962,48.169998
25/11/2016,12.1,83.410004,96.849998,15.9038,48.57
28/11/2016,12.16,85.239998,97.239998,15.6058,47.959999
29/11/2016,12.33,86.269997,97.529999,15.5577,47.34
30/11/2016,12.52,85.029999,98.620003,15.3942,47.349998
01/12/2016,12.32,83.910004,97.919998,15.3942,46.830002
02/12/2016,12.18,82.480003,95.889999,15.5385,45.369999
05/12/2016,12.36,81.940002,96.120003,15.8558,46.209999
06/12/2016,12.38,82.889999,97.910004,16.0481,47.619999
07/12/2016,12.6,84.110001,98.029999,16.605801,47.209999
08/12/2016,12.97,83.809998,98.959999,17.375,47.509998
09/12/2016,13.19,84.449997,100.339996,17.230801,47.360001
13/12/2016,12.95,83.940002,103.790001,17.0096,47.740002
14/12/2016,12.55,83.620003,103.589996,16.3846,46.830002
15/12/2016,12.66,83.650002,101.529999,15.9904,46.509998
16/12/2016,12.39,82.720001,100.75,15.6731,45.75
19/12/2016,12.55,83.690002,100.290001,15.5673,45.48
20/12/2016,12.77,85.410004,99.849998,15.8558,44.900002
21/12/2016,12.79,86.550003,99.370003,15.8654,45.040001
22/12/2016,12.7,86.419998,99.360001,15.4808,44.66
23/12/2016,12.87,85.989998,99.910004,15.4327,44.540001
26/12/2016,12.95,85.610001,99.709999,15.2885,44.790001
27/12/2016,12.99,87.25,99.419998,16.019199,44.43
28/12/2016,13,87.449997,100.43,15.9423,45.169998
29/12/2016,13.13,87.300003,102.419998,15.7885,46.939999
30/12/2016,13.03,86.519997,102.300003,15.9038,47.009998
