"","x"
"1",0.000422510155053397
"2",0.000422510155053397
"3",0.000725332817780368
"4",0.000825298177308117
"5",0.00104572739569641
"6",0.00124121796256267
"7",0.00140243336780232
"8",0.00157234101380621
"9",0.00408715235134145
"10",0.00278463679666984
"11",0.00492788324785148
"12",0.00402226583828773
"13",0.00458956269283593
"14",0.00512483885650853
"15",0.00485202225858358
"16",0.00592017695661463
"17",0.00524338059088017
"18",0.00610712703234128
"19",0.0065669979137296
"20",0.00661800601052815
"21",0.00645214645313605
"22",0.00646466377444614
"23",0.00706793575579334
"24",0.00664257964089599
"25",0.00769804514421155
"26",0.00694457025603242
"27",0.0072185339921761
"28",0.00690619917352042
"29",0.00692705224762184
"30",0.00676043418533507
"31",0.00674461456445815
"32",0.00663695631338358
"33",0.00660026314622377
"34",0.00649127240799455
"35",0.00735873801489397
"36",0.00737864960020819
"37",0.00720203355209075
"38",0.00711763289978349
"39",0.00800766515414689
"40",0.00730639224281603
"41",0.00756486946348495
"42",0.00732838860919807
"43",0.00738504309837728
"44",0.00735824387940244
"45",0.00942780329093327
"46",0.00797388322453137
"47",0.00854569151451404
"48",0.00800086073335372
"49",0.00806988729617246
"50",0.0078545875246017
"51",0.00844133873026085
"52",0.00785963824274457
"53",0.00848243188789466
"54",0.00804612390516384
"55",0.00806724004343279
"56",0.00786677231166923
"57",0.00778259091124735
"58",0.00768242852594176
"59",0.00851439405221073
"60",0.00782407183538703
"61",0.00801887756785016
"62",0.00768756113335509
"63",0.00773367282700398
"64",0.0076804113936975
"65",0.00899361508288848
"66",0.00801455622407251
"67",0.00917338128684312
"68",0.00828578667382723
"69",0.00857592215904456
"70",0.00822510293673691
"71",0.00829171879762648
"72",0.00864882785736296
"73",0.00936154898058311
"74",0.00864817022243253
"75",0.00897427380731499
"76",0.00853150115724872
"77",0.00852772809671836
"78",0.0083013025582952
"79",0.00826468636447751
"80",0.00808408754903257
"81",0.00795085312198724
"82",0.00826565742729221
"83",0.00846070523555051
"84",0.00837512960322372
"85",0.00828030187775949
"86",0.00859856739494802
"87",0.00817438857984394
"88",0.00832074202371286
"89",0.0102460667152282
"90",0.00999169744811571
"91",0.011921802559575
"92",0.0103861177494596
"93",0.0108542515731219
"94",0.0118203800876915
"95",0.0109009021811481
"96",0.0109697270051995
"97",0.0107160671914712
"98",0.0104375961621201
"99",0.0101868600708741
"100",0.0104403077778699
"101",0.0100613288124682
"102",0.00989376506626582
"103",0.0097092940664869
"104",0.0126842368626939
"105",0.0119285212600852
"106",0.01188300098592
"107",0.0114486894640987
"108",0.0112455210222668
"109",0.0109071697837544
"110",0.0120680131875838
"111",0.0110691726461346
"112",0.0120479670263155
"113",0.01107154536861
"114",0.011202409508904
"115",0.0107062355111406
"116",0.0106315938597005
"117",0.0103906678128501
"118",0.0116739535510423
"119",0.0106326789177719
"120",0.0109564107286792
"121",0.0103942566132787
"122",0.0103813112139261
"123",0.010979124017484
"124",0.0103528880899128
"125",0.0103210085535353
"126",0.0105186349354556
"127",0.0112218369534517
"128",0.011614769820935
"129",0.0111417114277009
"130",0.011044387646545
"131",0.010683589244909
"132",0.0104630515613787
"133",0.0102587751376725
"134",0.0101542840801914
"135",0.00993251415320072
"136",0.0112069177987036
"137",0.0109425277596364
"138",0.0107214096721121
"139",0.0104767142173562
"140",0.0107081708768171
"141",0.0107366513780863
"142",0.0103538492290024
"143",0.010193263474035
"144",0.00991205564773135
"145",0.0108959694322073
"146",0.0107189192029615
"147",0.011055149359331
"148",0.0105240846887815
"149",0.0104033505290307
"150",0.0100717792703528
"151",0.00997668068459231
"152",0.0107247882444343
"153",0.010238748414595
"154",0.0112635767918372
"155",0.0103020228878081
"156",0.010484141146017
"157",0.0106680834148299
"158",0.0106690485594887
"159",0.0108246936648573
"160",0.0116471245663407
"161",0.0107727080874519
"162",0.0115488065313966
"163",0.0107399154899355
"164",0.0108244249717167
"165",0.0103500851234387
"166",0.010348798492933
"167",0.0104351884784704
"168",0.011692979613402
"169",0.0106346937977121
"170",0.0119083649154371
"171",0.0107307863288971
"172",0.0109926588600534
"173",0.0104426371199645
"174",0.0103468520160122
"175",0.010024164681727
"176",0.00992265324445303
"177",0.00962361485727665
"178",0.0104147205922397
"179",0.0098888838674411
"180",0.00990497098433458
"181",0.0106730960419462
"182",0.0112497332962488
"183",0.0105789802115118
"184",0.0105788568092846
"185",0.0105973859377102
"186",0.0102184098065522
"187",0.0101252414110058
"188",0.00990232407930974
"189",0.00966587944408712
"190",0.0100685277539159
"191",0.00954635039346724
"192",0.00955018005331292
"193",0.0092118900390328
"194",0.0100508387737416
"195",0.0100639875118478
"196",0.00973560295953687
"197",0.00957428009725547
"198",0.00968309440225554
"199",0.00930037467410509
"200",0.00919101404708183
"201",0.00927208435581803
"202",0.0101942994282638
"203",0.00999367851682262
"204",0.0100907737695733
"205",0.00969591092682649
"206",0.0103006449279316
"207",0.0102215912317113
"208",0.0101034707935618
"209",0.010342910851683
"210",0.00983263412559452
"211",0.010279930355982
"212",0.00969682217506495
"213",0.0111083536036396
"214",0.00990717036854874
"215",0.0108411405649986
"216",0.00994945919909223
"217",0.0101054725746972
"218",0.0103979494014414
"219",0.00985878337007889
"220",0.00984369558422722
"221",0.00952323178967875
"222",0.00940280675461266
"223",0.00918802631248632
"224",0.00898758880866092
"225",0.00915258043999946
"226",0.0090760583071281
"227",0.00883295853126447
"228",0.00872863693320452
"229",0.00967644622859189
"230",0.00892589214969593
"231",0.00906357843354444
"232",0.00873536563427125
"233",0.00867723257623167
"234",0.00846662711575938
"235",0.00840599274690544
"236",0.0082572546962995
"237",0.00863663367665753
"238",0.00829122186605183
"239",0.00827052385828008
"240",0.00816305967781188
"241",0.00803650318981648
"242",0.00885926572585175
"243",0.0083471648985106
"244",0.00837872576604762
"245",0.00831541849033086
"246",0.00809775385220564
"247",0.00801526038346878
"248",0.00782911984029419
"249",0.00790064424744168
"250",0.00800892178274017
"251",0.00806372153695066
"252",0.00780992961824659
"253",0.00773754724126896
"254",0.00759937775009857
"255",0.00860763073614809
"256",0.00824584415099572
"257",0.00822936563959377
"258",0.00804077972958597
"259",0.00794775406955684
"260",0.00781016144590854
"261",0.00768704430178243
"262",0.00758892523316919
"263",0.00743589301805463
"264",0.00732697454123589
"265",0.00773836365362824
"266",0.00733536180774647
"267",0.00747379559860682
"268",0.008566624748749
"269",0.00841683313653267
"270",0.00911895950455022
"271",0.00850352662687415
"272",0.00928509858905632
"273",0.0092204025029424
"274",0.0103131178703076
"275",0.00937122435169324
"276",0.0096008541753638
"277",0.0095196229751889
"278",0.0100431985173869
"279",0.0102042591525765
"280",0.00977598784459013
"281",0.00968047149516587
"282",0.00946028425194975
"283",0.00933081602408537
"284",0.00965053944378916
"285",0.00932074218222803
"286",0.0106047535103812
"287",0.0100893144361534
"288",0.0101004514364324
"289",0.00989626857533082
"290",0.00976918236843581
"291",0.0095127512281667
"292",0.00937855451377236
"293",0.0103003542303518
"294",0.0101426791415386
"295",0.0106247130788397
"296",0.00996785686806111
"297",0.0100294836663242
"298",0.00995533780663526
"299",0.00972177534355439
"300",0.0105623414262211
"301",0.0116630764099211
"302",0.0106498420060527
"303",0.0112402656544104
"304",0.0105156977685057
"305",0.0105723033546112
"306",0.0102609297832713
"307",0.010073908206628
"308",0.0107213481143768
"309",0.0099724163245547
"310",0.0115913788906344
"311",0.0102468742649406
"312",0.0123070686842975
"313",0.0107188610639491
"314",0.0112386172441479
"315",0.0106197005287721
"316",0.0105450115265756
"317",0.0116706057551179
"318",0.0127804057414003
"319",0.0116615369410313
"320",0.0131718634175221
"321",0.0127178805944604
"322",0.0125367289946745
"323",0.0121854415699105
"324",0.0118715586006247
"325",0.0137003704455767
"326",0.0121078142216348
"327",0.0147744235496241
"328",0.0126456021148701
"329",0.0132574181885119
"330",0.0129192114374326
"331",0.0125416332290962
"332",0.0129328065041722
"333",0.0123372057805907
"334",0.0128319220752181
"335",0.0125408699011559
"336",0.0124273009569898
"337",0.0123300908563745
"338",0.011989816584592
"339",0.0123745836376481
"340",0.0121348808630477
"341",0.0118216568480858
"342",0.0126856637905816
"343",0.0129941391953601
"344",0.0148859170419866
"345",0.0131616351641261
"346",0.013579897114847
"347",0.0149214813648368
"348",0.0136157346067356
"349",0.0146449043516247
"350",0.0135229031870262
"351",0.0135920222732498
"352",0.0129885347712724
"353",0.0131578678632678
"354",0.0142562653023312
"355",0.0130130472396343
"356",0.0148644926387645
"357",0.0132872668276505
"358",0.01579729531076
"359",0.0160909184847984
"360",0.0155321188505964
"361",0.0164699523250763
"362",0.0152656202511227
"363",0.0163303248465467
"364",0.0159470963742354
"365",0.0189853982647235
"366",0.0164591812961608
"367",0.0185331698608759
"368",0.0165933606804168
"369",0.0169924047116035
"370",0.016101939372041
"371",0.0159588949271197
"372",0.0153162549035202
"373",0.0167782502507359
"374",0.015682751210782
"375",0.0156478052822154
"376",0.016872220111466
"377",0.0164782589677164
"378",0.0160360935027221
"379",0.0179017370405798
"380",0.0160771593897895
"381",0.016305845494899
"382",0.0155119675606893
"383",0.0169868154740302
"384",0.0156944263928895
"385",0.0156454141866603
"386",0.0149360051662635
"387",0.0146179077127398
"388",0.0141685674563231
"389",0.0137774220934728
"390",0.0134092531066943
"391",0.0130473367204872
"392",0.0137571343942146
"393",0.0127578259527111
"394",0.0128289377881408
"395",0.0124069921979113
"396",0.0121454272871158
"397",0.0124895301701729
"398",0.011766485913476
"399",0.0117041959289314
"400",0.0113587386434573
"401",0.011197541567905
"402",0.0129777431251868
"403",0.0119795332274761
"404",0.0129444468807645
"405",0.0126950527328269
"406",0.0124210653218033
"407",0.0128300744148996
"408",0.0120743647050039
"409",0.0127431209079876
"410",0.0127927211194258
"411",0.0125533827083975
"412",0.012394412278019
"413",0.0145622714017052
"414",0.0127027959333857
"415",0.0131645150133649
"416",0.0123877819042005
"417",0.0123288921921755
"418",0.0136327405923582
"419",0.0123218838749878
"420",0.012526355599325
"421",0.0119583063811949
"422",0.0119947524989045
"423",0.0116249471094794
"424",0.0122930216915895
"425",0.0142505576058552
"426",0.0126250013722655
"427",0.0129931299468266
"428",0.0123661218614341
"429",0.0128496244070762
"430",0.0131393832287313
"431",0.0123983015192752
"432",0.0134549716980076
"433",0.0123892729355502
"434",0.0138284053758502
"435",0.0131779818440418
"436",0.0134610988923248
"437",0.0128936998941825
"438",0.0126583826472009
"439",0.0129011194059201
"440",0.0121972545037266
"441",0.0135513243081475
"442",0.0134470297563161
"443",0.0138845011445479
"444",0.0130734272755737
"445",0.0131281708285477
"446",0.0125710870005213
"447",0.013731735561285
"448",0.0124801118569571
"449",0.0126912968773571
"450",0.0121084035633562
"451",0.0119234415619193
"452",0.0115616437582246
"453",0.011932535772332
"454",0.0112922630662081
"455",0.0111768109474234
"456",0.0108693930769173
"457",0.0106406916420969
"458",0.0113018435772352
"459",0.0104952070461816
"460",0.0107009866773402
"461",0.0103183461907347
"462",0.0112945618808804
"463",0.0103689594097463
"464",0.0112006213744593
"465",0.0117465708161923
"466",0.0109662649780571
"467",0.0116376042076875
"468",0.0108824495931425
"469",0.0109028987044539
"470",0.0105828118439777
"471",0.0121793717239746
"472",0.0107971156507213
"473",0.0111768145697286
"474",0.0108263512571332
"475",0.0105954638788134
"476",0.0104463063858829
"477",0.0101901281366637
"478",0.00994995958498313
"479",0.00974245769275112
"480",0.00996597369731521
"481",0.0106881802086542
"482",0.00996617567817398
"483",0.0105880150542204
"484",0.00987351236677222
"485",0.00996627798795784
"486",0.0095942326724404
"487",0.00977368643003044
"488",0.00971162925910152
"489",0.00939777863437081
"490",0.0105442352212778
"491",0.00959192782819773
"492",0.00977432781851037
"493",0.00970639444331598
"494",0.00943283596898798
"495",0.00924977643618157
"496",0.00905384526910491
"497",0.00890462773022601
"498",0.0094195041692905
"499",0.00881464385377136
"500",0.00981077296594683
"501",0.00894027221713445
"502",0.00984777683780567
"503",0.00900682293331533
"504",0.00933836094110935
"505",0.00885950034843903
"506",0.00885056326013032
"507",0.00891940551875777
"508",0.00958168180413775
"509",0.0104589389119685
"510",0.00960375633004226
"511",0.0112934415054674
"512",0.00992582724752957
"513",0.0114332930841668
"514",0.0105672506628737
"515",0.010887947148599
"516",0.0115162108279494
"517",0.0107124742809269
"518",0.0107691062570848
"519",0.0110539237117645
"520",0.0135106443767243
"521",0.0116158845264432
"522",0.0122708833478288
"523",0.0115032638988194
"524",0.0126123109004658
"525",0.0115715300521294
"526",0.0116538525286061
"527",0.0128587832303674
"528",0.0117298032838087
"529",0.0122880332654933
"530",0.0120045665698113
"531",0.0123923489208951
"532",0.0119094185307997
"533",0.0117517842563193
"534",0.0114121580390863
"535",0.0136198784882174
"536",0.0131957677587403
"537",0.0129025643565803
"538",0.0126035599886208
"539",0.0125219690691531
"540",0.0122568230436647
"541",0.0126719049873551
"542",0.0122202790432391
"543",0.0132882946151443
"544",0.0128128365702327
"545",0.0125094400295862
"546",0.0121305122068055
"547",0.0129814018505441
"548",0.0130360318544581
"549",0.0126034947679284
"550",0.0126485412624087
"551",0.0121424574550032
"552",0.0119781558900763
"553",0.0130145322577773
"554",0.0118936465679543
"555",0.0120848442832486
"556",0.0114737364318674
"557",0.0113936293357414
"558",0.0110606270744773
"559",0.0110788592810053
"560",0.0107283386688432
"561",0.0115200516409323
"562",0.0109784423977441
"563",0.0112966082627127
"564",0.010679745659831
"565",0.0107087609224733
"566",0.012106083201269
"567",0.0108701334990212
"568",0.0111381934723521
"569",0.0105667914890527
"570",0.0105372314319743
"571",0.0104557603473838
"572",0.0101936544896942
"573",0.00995779600540988
"574",0.00972349702072922
"575",0.0107103667309041
"576",0.00975732350367666
"577",0.0100635800030787
"578",0.0101023246667673
"579",0.00976908275485936
"580",0.00960003375113897
"581",0.00940075249942483
"582",0.00947321608195072
"583",0.00942541118372003
"584",0.0091217461941501
"585",0.00906218029826229
"586",0.00880993997723825
"587",0.00930177861357104
"588",0.0103130254683118
"589",0.00945434302576358
"590",0.00963508384075184
"591",0.0094736493140795
"592",0.00922728564999139
"593",0.00906706498989549
"594",0.00902856884229542
"595",0.00874260918657731
"596",0.00865347990490005
"597",0.00845676076541357
"598",0.00831989316685254
"599",0.00984622229966623
"600",0.00876435091521619
"601",0.00971156698182817
"602",0.00929052208576414
"603",0.00934304331699478
"604",0.00907692843143876
"605",0.00897217488015774
"606",0.0087390083799091
"607",0.00857937396673335
"608",0.00910844277477168
"609",0.00851615615156566
"610",0.00860675279245635
"611",0.00851523859157269
"612",0.00829141051266347
"613",0.00821223376230774
"614",0.00841950193061614
"615",0.00806983982157587
"616",0.00802180332031916
"617",0.00812224094322982
"618",0.00848140358208515
"619",0.0094073787402121
"620",0.00857877750068078
"621",0.00878673010571651
"622",0.00846648794063964
"623",0.00844562129317431
"624",0.0086402651164634
"625",0.00833409115541089
"626",0.00916420681743702
"627",0.00904692298471645
"628",0.00898246438042046
"629",0.00874232468289682
"630",0.00863201749939948
"631",0.00868123948485673
"632",0.00837888300907789
"633",0.00830391343078563
"634",0.00816986238121128
"635",0.00882734981505424
"636",0.0087227422198046
"637",0.0094953165513249
"638",0.00875248757029791
"639",0.00890227462110204
"640",0.00858404287234044
"641",0.00880934464677598
"642",0.00855015752752783
"643",0.00904662329851274
"644",0.00850998530255223
"645",0.00866445429029884
"646",0.00864424712671241
"647",0.00869342498303968
"648",0.00962313739583144
"649",0.00895503033768862
"650",0.00914793972404083
"651",0.00874697562251526
"652",0.00869526051535211
"653",0.0090898284276325
"654",0.0092163432393777
"655",0.00887449043798726
"656",0.00879844834968334
"657",0.00858168489829912
"658",0.00842359761796667
"659",0.00832858397202024
"660",0.00812734737876327
"661",0.00800549184439136
"662",0.00853320149409429
"663",0.0084496007354234
"664",0.00825548564478478
"665",0.00866470815834331
"666",0.00826754101610513
"667",0.00823349722303706
"668",0.00801655915221502
"669",0.00789393261787606
"670",0.00773352013919598
"671",0.00816419491003831
"672",0.00773994776915461
"673",0.00817117328576091
"674",0.00823849128468566
"675",0.00878777865350297
"676",0.00830661540662953
"677",0.00835096411631119
"678",0.00894651289803599
"679",0.00960848873044768
"680",0.00903294757239516
"681",0.00926155081958556
"682",0.00891890700126075
"683",0.00951959770794006
"684",0.00901637334338683
"685",0.00913482388444943
"686",0.00973465037613237
"687",0.00911073837919172
"688",0.00919604268997646
"689",0.00892452590748724
"690",0.00952215884204156
"691",0.00890738107381809
"692",0.00895111395561968
"693",0.00999086401696979
"694",0.0106084808912367
"695",0.00987839965507429
"696",0.00992279970874181
"697",0.0105002393441494
"698",0.0098156301307874
"699",0.00982799508183353
"700",0.00956820093908014
"701",0.00977070004174643
"702",0.00937799759386742
"703",0.00974488874842446
"704",0.00924852148647097
"705",0.00927563890452147
"706",0.00893452011383473
"707",0.00885969341421209
"708",0.00864151553425967
"709",0.00854285576819471
"710",0.0100219840563346
"711",0.00887070648576545
"712",0.0101388252495002
"713",0.00980701526242504
"714",0.00968739471896398
"715",0.00954071304215563
"716",0.0104747107933826
"717",0.0100339154209175
"718",0.0126048814038748
"719",0.0107248498933497
"720",0.0114989293101308
"721",0.0106407676641153
"722",0.0107592289518588
"723",0.0106352019966544
"724",0.0102910347557614
"725",0.010106867501968
"726",0.00982795456705264
"727",0.0106222360570927
"728",0.010652331375219
"729",0.010410831469714
"730",0.0101980953767874
"731",0.0108689376288869
"732",0.0101568204818618
"733",0.0101609815071809
"734",0.0110280095209308
"735",0.0135262074832502
"736",0.0116468813869284
"737",0.0151640161858133
"738",0.0131526086308072
"739",0.0137239513798124
"740",0.0130580852720567
"741",0.0129249504660533
"742",0.012467251313522
"743",0.0122238425614422
"744",0.0122918378654887
"745",0.0119489128898787
"746",0.0116303166686181
"747",0.0117853519192721
"748",0.0112599456829547
"749",0.0128762423094646
"750",0.0132628215918816
"751",0.0131124008503095
"752",0.0126935066010961
"753",0.0124496779231997
"754",0.0126492446050849
"755",0.0145417506532837
"756",0.0128348848576306
"757",0.0151737902804228
"758",0.0132237528419205
"759",0.0138118015646279
"760",0.0130506816542735
"761",0.0129579267903548
"762",0.0125670179126644
"763",0.0123180756464427
"764",0.0121673969223209
"765",0.0117745038644825
"766",0.0115920770838481
"767",0.0125671373583248
"768",0.0115879056808094
"769",0.0140552116204888
"770",0.01224975622657
"771",0.0127736075755429
"772",0.0119549315673572
"773",0.0121749009587107
"774",0.0117374523259545
"775",0.0115141789207218
"776",0.0122647055587404
"777",0.0116037349119571
"778",0.0115984878881798
"779",0.0111384131439421
"780",0.0109946800573945
"781",0.0130345390570075
"782",0.011351155283032
"783",0.0118233490581732
"784",0.0111526654301126
"785",0.011357172522167
"786",0.0113319734803221
"787",0.0109490697740191
"788",0.0110658196984949
"789",0.0108750122623129
"790",0.0105765522177497
"791",0.0104657259794445
"792",0.0102116673213198
"793",0.00998096722386165
"794",0.00987374625328494
"795",0.00965927313329412
"796",0.00949505899048284
"797",0.00930571160740588
"798",0.00909404629224734
"799",0.0090447718071446
"800",0.00877742224984149
"801",0.0086317581043847
"802",0.00893060292541333
"803",0.00859978377538568
"804",0.00850807834117095
"805",0.0101568503407145
"806",0.00997471571335248
"807",0.00980196213995096
"808",0.00960021100912404
"809",0.00975286876555953
"810",0.00943042289295777
"811",0.00936338275318737
"812",0.00909058190303803
"813",0.00929428579700455
"814",0.00885546237589467
"815",0.00934971230675228
"816",0.00895879375172826
"817",0.00901388871574152
"818",0.00871755094768553
"819",0.00865192920905435
"820",0.00981969346629962
"821",0.0090882514108162
"822",0.00924382969628486
"823",0.00883543541957467
"824",0.00878707316976353
"825",0.0086050791526018
"826",0.00903347378982445
"827",0.00854007919058662
"828",0.00976407740800572
"829",0.00904480516269184
"830",0.00923136117643826
"831",0.00989439391014358
"832",0.0100319739277951
"833",0.00957940208616196
"834",0.00956993851005032
"835",0.0092596237275709
"836",0.00994041665506325
"837",0.00935623272941781
"838",0.00940049733948798
"839",0.00904602993042984
"840",0.00894191107781648
"841",0.00894214125138993
"842",0.00923046920899037
"843",0.00905194200118886
"844",0.00890537372037466
"845",0.00913196748833681
"846",0.00890750011207581
"847",0.0087529483042543
"848",0.00862878105128176
"849",0.00841483857358907
"850",0.0083217608352783
"851",0.00814602663097053
"852",0.00889805036782749
"853",0.00896171698826946
"854",0.0086217541322346
"855",0.00857291737224852
"856",0.00834755617922057
"857",0.00821045799358378
"858",0.00808955060095969
"859",0.00792319409521546
"860",0.00843788071833542
"861",0.00793519648037132
"862",0.00865717338466248
"863",0.00803671379937749
"864",0.00818066363820511
"865",0.00786011238134413
"866",0.00784705704580383
"867",0.00763729944249807
"868",0.00760169427563063
"869",0.00740829796150912
"870",0.0094906098108166
"871",0.00812603475185158
"872",0.00895037238134086
"873",0.00824246057317846
"874",0.00866236222154446
"875",0.0085812785710652
"876",0.0102741967653525
"877",0.0101046299302526
"878",0.00983767914588054
"879",0.00968877873172397
"880",0.00944912049916975
"881",0.00975780707341259
"882",0.00924149814199954
"883",0.00937922215662845
"884",0.00913095295265215
"885",0.00896414424853608
"886",0.00887718620828955
"887",0.00968388606922584
"888",0.00890850129637921
"889",0.010085934939616
"890",0.0104008226961731
"891",0.00989070212829942
"892",0.00981162797827879
"893",0.00965511799645579
"894",0.00941735384864634
"895",0.00926508820255583
"896",0.00904853169968787
"897",0.011603213311021
"898",0.0102275591851343
"899",0.0106047146106358
"900",0.0100199629459255
"901",0.0117643891748395
"902",0.0109246652433358
"903",0.0109523706006517
"904",0.0113899675022307
"905",0.0107060293997216
"906",0.0111402602476317
"907",0.0117903734575424
"908",0.0121682062747406
"909",0.0135850701853966
"910",0.014112476228828
"911",0.0132714105742389
"912",0.0131758225886274
"913",0.0128016097908098
"914",0.0133298181280759
"915",0.012545014527035
"916",0.0150763144641323
"917",0.0133199925821994
"918",0.0136993575145167
"919",0.0141049572695203
"920",0.0141237975575191
"921",0.0135381110460652
"922",0.0136341310942084
"923",0.0130506460899882
"924",0.0134908877398328
"925",0.0126519529595924
"926",0.0126160094131625
"927",0.0121314252381673
"928",0.0118808016763701
"929",0.0118723825834479
"930",0.011875473462234
"931",0.0121162134548785
"932",0.0131786269706908
"933",0.0120122784798373
"934",0.013800500592599
"935",0.0124608717881179
"936",0.0127737472763767
"937",0.0121859828587635
"938",0.0119900304089974
"939",0.0116664050850499
"940",0.0116448720170684
"941",0.011212451194438
"942",0.0110817736710925
"943",0.01074607100298
"944",0.0106735464452027
"945",0.0102990073139014
"946",0.0105587039258394
"947",0.0100478975222127
"948",0.0100338602163441
"949",0.0096857986644621
"950",0.00952613214148216
"951",0.00970316604101142
"952",0.00928535213606078
"953",0.00943741134642494
"954",0.0107923750368782
"955",0.00965475087536957
"956",0.0100433460612021
"957",0.00946415655332845
"958",0.0105274124385713
"959",0.00977716557757438
"960",0.00987699799500939
"961",0.0108761889039334
"962",0.00990304683283013
"963",0.0121017765060032
"964",0.0107670143930722
"965",0.0111121693274437
"966",0.0116907122942495
"967",0.0125582258927656
"968",0.0116912522640197
"969",0.011774559256895
"970",0.0118352027537045
"971",0.0113814021568305
"972",0.0117614737212442
"973",0.0121869101491158
"974",0.0129538824339361
"975",0.0120292279682647
"976",0.0123375269368398
"977",0.0132724823642587
"978",0.0123465367188318
"979",0.012941919174736
"980",0.0131403722568091
"981",0.0124507474421076
"982",0.0127197745579756
"983",0.01352415450276
"984",0.0125564273729364
"985",0.0129977132850602
"986",0.0131093290855294
"987",0.0134231616462828
"988",0.0128317460390972
"989",0.0127397742775042
"990",0.0122894973764986
"991",0.013225950298156
"992",0.0127849868038639
"993",0.0124804794073694
"994",0.0121354461346684
"995",0.0120155919300688
"996",0.011761670351352
"997",0.0114442254231288
"998",0.0120930702798793
"999",0.0114365725066938
"1000",0.0137785643819271
"1001",0.0119908384761525
"1002",0.0131155444660354
"1003",0.0131931830900179
"1004",0.0125617982574621
"1005",0.0124351792496632
"1006",0.0120730455835155
"1007",0.0119603274739053
"1008",0.0115252526706397
"1009",0.0134405523105883
"1010",0.0124057571571639
"1011",0.0124430440273712
"1012",0.0127167303519812
"1013",0.0123681006111696
"1014",0.0122106639152073
"1015",0.0122010816376379
"1016",0.0117543064370325
"1017",0.0115166066929711
"1018",0.0111668977953811
"1019",0.0111818836993814
"1020",0.0117200004564607
"1021",0.0109358253497648
"1022",0.0109469450935611
"1023",0.0133028542193455
"1024",0.0124265934631003
"1025",0.01372189669449
"1026",0.0124806435273051
"1027",0.013189337686001
"1028",0.0134779302728156
"1029",0.0128922015363185
"1030",0.0134250927210912
"1031",0.0127435543911871
"1032",0.0132938330619632
"1033",0.0124591901447276
"1034",0.0124415636070799
"1035",0.0134540145541577
"1036",0.0123172918989074
"1037",0.0124145312487743
"1038",0.0118382901260512
"1039",0.0117095246488892
"1040",0.0114732216272901
"1041",0.0111447267158928
"1042",0.011263268265445
"1043",0.0108444179786121
"1044",0.0107068729159204
"1045",0.0112381246205172
"1046",0.0117467027269785
"1047",0.0121369980714555
"1048",0.0114350563659641
"1049",0.0113425221346953
"1050",0.0113061116035492
"1051",0.0109199641173714
"1052",0.0108597241782328
"1053",0.0104637692263198
"1054",0.0106502105286428
"1055",0.0101331563522369
"1056",0.0100280786318476
"1057",0.00975937574657923
"1058",0.00967281754242215
"1059",0.0108910109293702
"1060",0.00981389046662601
"1061",0.011014346714002
"1062",0.0117271940718491
"1063",0.010905942176457
"1064",0.0118698566060503
"1065",0.0120547088740845
"1066",0.0114673412301054
"1067",0.0113263434753392
"1068",0.0109539886632323
"1069",0.011250530023258
"1070",0.0106537407485369
"1071",0.0120263665493357
"1072",0.0108975430125401
"1073",0.0110996666055807
"1074",0.0105855323729946
"1075",0.0104811257173062
"1076",0.0104560421508631
"1077",0.010205250644535
"1078",0.0100623382819042
"1079",0.0109302078958112
"1080",0.0102588277790977
"1081",0.01035343777204
"1082",0.0103800159541409
"1083",0.0105257970274783
"1084",0.0100411934967504
"1085",0.0102946906554316
"1086",0.00976350404169305
"1087",0.00974598603326957
"1088",0.00954786839627576
"1089",0.0097683557670863
"1090",0.0097233060677908
"1091",0.00947064656123122
"1092",0.00931989276660019
"1093",0.0107392568564018
"1094",0.0100055657021138
"1095",0.0100519104953223
"1096",0.00970885397656203
"1097",0.00957295347148528
"1098",0.00933716931157159
"1099",0.00914934175686023
"1100",0.0090432569545854
"1101",0.00884813654205803
"1102",0.0104437973328315
"1103",0.00918325514558764
"1104",0.00960008495734763
"1105",0.00906357728179094
"1106",0.010634618476738
"1107",0.00938626514723399
"1108",0.00973465053554909
"1109",0.00999538012809359
"1110",0.0101219975134132
"1111",0.00969746248918039
"1112",0.0108303255176266
"1113",0.00983732945373756
"1114",0.0101091844040416
"1115",0.00969676353350107
"1116",0.00964355757735172
"1117",0.00933353898816744
"1118",0.00924074877187495
"1119",0.0090893076694479
"1120",0.0128350593911543
"1121",0.0126484566273379
"1122",0.0123040087220967
"1123",0.0121261665230527
"1124",0.0118070693033532
"1125",0.011582439255932
"1126",0.0112413650168599
"1127",0.0119056640522166
"1128",0.0127720112643669
"1129",0.0122466573677759
"1130",0.0120800542191723
"1131",0.0116856894961335
"1132",0.0114816715437394
"1133",0.0118342320201572
"1134",0.0112438330084576
"1135",0.0112326953339277
"1136",0.010808878950385
"1137",0.0106607249290104
"1138",0.0103975887350427
"1139",0.0111357440523763
"1140",0.0102863918021712
"1141",0.0123540153063266
"1142",0.011046856988907
"1143",0.0113490160766003
"1144",0.0107610962814527
"1145",0.0106704810562044
"1146",0.0103192244896674
"1147",0.0109827255199006
"1148",0.0102034327740907
"1149",0.010565830006085
"1150",0.0100195428161297
"1151",0.0100047447155756
"1152",0.00996559720649252
"1153",0.00963047105895749
"1154",0.00957975292267653
"1155",0.00928501948305201
"1156",0.00914544549814513
"1157",0.0102262734467251
"1158",0.0100162264455514
"1159",0.00979239807352606
"1160",0.00956381008534618
"1161",0.00938855767967452
"1162",0.010539135791222
"1163",0.00952981484569703
"1164",0.00973482619758979
"1165",0.0100965473419231
"1166",0.00953276686317541
"1167",0.00949994616809654
"1168",0.00967555183702567
"1169",0.00927885406669148
"1170",0.00925826503475515
"1171",0.00938983815518977
"1172",0.00993994857025388
"1173",0.00929545322005685
"1174",0.00937453678986433
"1175",0.0117700924940788
"1176",0.0100359138580639
"1177",0.0123550597941725
"1178",0.012140100260382
"1179",0.011792333714118
"1180",0.0115235116607251
"1181",0.0112573320927245
"1182",0.0109895611625877
"1183",0.0109250509082356
"1184",0.0113819267800274
"1185",0.0122604901480047
"1186",0.0113726836207103
"1187",0.011400049515556
"1188",0.0121572790357217
"1189",0.0126664030267184
"1190",0.0120148141453315
"1191",0.0118776703138859
"1192",0.0114954154768938
"1193",0.0118260763676938
"1194",0.0114609491767917
"1195",0.0113122063749511
"1196",0.0120173826899159
"1197",0.0119960550790292
"1198",0.0127059216105222
"1199",0.0117931595834809
"1200",0.0118393650763783
"1201",0.0114100626192602
"1202",0.011273598873191
"1203",0.0115151605278577
"1204",0.0109413136849469
"1205",0.0109109005521413
"1206",0.0109030060977679
"1207",0.0113013160731248
"1208",0.0106633300360334
"1209",0.0115647421996017
"1210",0.0109645990591555
"1211",0.0118612177516268
"1212",0.0122792641196663
"1213",0.0115563693704713
"1214",0.0116781431238292
"1215",0.0111689450365738
"1216",0.0147386017544449
"1217",0.0169618730151601
"1218",0.0152824816277559
"1219",0.0155402592648286
"1220",0.0156947431608761
"1221",0.0148526551550631
"1222",0.0157983065508323
"1223",0.0177592841364311
"1224",0.0159013370895096
"1225",0.0161388093681539
"1226",0.015629560906343
"1227",0.0151694640556339
"1228",0.0147282368075856
"1229",0.0142912608048669
"1230",0.0139271316548355
"1231",0.0144809128250986
"1232",0.0154402823044925
"1233",0.0142022866185998
"1234",0.0143333193560321
"1235",0.0136378035260498
"1236",0.0134471893834313
"1237",0.012992012703305
"1238",0.0127355454336558
"1239",0.0132557886000551
"1240",0.0133964741344588
"1241",0.0139061530861295
"1242",0.012994925274621
"1243",0.0129411893456373
"1244",0.0124156676351339
"1245",0.0125635025023412
"1246",0.0119347173259064
"1247",0.011942098542447
"1248",0.0114771316302576
"1249",0.0113027871191687
"1250",0.0110286977169934
